SourceHeader,RSPHeader
一二八纪念路,纪念路
七宝镇南大街,南大街
七宝镇青年路,青年路
万寿新村东,万寿新村
万祥镇万和路,万和路
万祥镇祥安路,祥安路
三墩镇三宣公路,三宣公路
上中西路,中西路
上海市嘉定区丰庄北路,丰庄北路
上海市嘉定区丰庄路,丰庄路
上海市嘉定区丰翔路,丰翔路
上海市嘉定区南翔镇劳动街,劳动街
上海市嘉定区南翔镇劳动街,南翔镇
上海市嘉定区南翔镇古猗园路,南翔镇
上海市嘉定区南翔镇古猗园路,古猗园路
上海市嘉定区南翔镇德园路,南翔镇
上海市嘉定区南翔镇德园路,南翔镇德园路
上海市嘉定区南翔镇德园路,嘉定区南翔镇德园路
上海市嘉定区南翔镇德园路,德园路
上海市嘉定区南翔镇民主东街,南翔镇
上海市嘉定区南翔镇民主东街,民主东街
上海市嘉定区南翔镇芳林路,南翔镇
上海市嘉定区南翔镇芳林路,芳林路
上海市嘉定区南翔镇金通路,南翔镇
上海市嘉定区南翔镇金通路,金通路
上海市嘉定区卧龙路,卧龙路
上海市嘉定区嘉定工业区福海路,福海路
上海市嘉定区嘉定工业区裕民路,裕民路
上海市嘉定区嘉定镇中下塘街,中下塘街
上海市嘉定区嘉定镇中下塘街,嘉定镇中下塘街
上海市嘉定区嘉定镇北大街,北大街
上海市嘉定区嘉定镇南大街,南大街
上海市嘉定区嘉定镇南大街,嘉定镇南大街
上海市嘉定区嘉定镇城中路,城中路
上海市嘉定区嘉定镇塔城路,嘉定镇塔城路
上海市嘉定区嘉定镇塔城路,塔城路
上海市嘉定区嘉定镇张马路,嘉定镇张马路
上海市嘉定区嘉定镇张马路,张马路
上海市嘉定区嘉定镇李园一村,李园一村
上海市嘉定区嘉定镇李园二村,李园二村
上海市嘉定区嘉定镇沙霞路,沙霞路
上海市嘉定区嘉定镇清河路,嘉定镇清河路
上海市嘉定区嘉定镇清河路,清河路
上海市嘉定区嘉定镇温宿路,嘉定镇温宿路
上海市嘉定区嘉定镇温宿路,温宿路
上海市嘉定区嘉定镇西大街,西大街
上海市嘉定区嘉定镇金沙路,金沙路
上海市嘉定区安亭镇东环路,东环路
上海市嘉定区安亭镇和静路,和静路
上海市嘉定区安亭镇墨玉路,墨玉路
上海市嘉定区安亭镇安礼路,安礼路
上海市嘉定区安亭镇新源路,新源路
上海市嘉定区安亭镇方中路,安亭镇方中路
上海市嘉定区安亭镇方中路,方中路
上海市嘉定区安亭镇昌吉路,安亭镇昌吉路
上海市嘉定区安亭镇昌吉路,昌吉路
上海市嘉定区安亭镇泽普路,泽普路
上海市嘉定区安亭镇阜康西路,康西路
上海市嘉定区安亭镇阜康西路,阜康西路
上海市嘉定区杭桂路,杭桂路
上海市嘉定区江桥镇丰江路,丰江路
上海市嘉定区江桥镇嘉怡路,嘉怡路
上海市嘉定区江桥镇张掖路,张掖路
上海市嘉定区江桥镇曹安路,曹安路
上海市嘉定区江桥镇曹安路恒嘉花园,恒嘉花园
上海市嘉定区江桥镇曹安路恒嘉花园,曹安路
上海市嘉定区江桥镇海波路,海波路
上海市嘉定区江桥镇金园一路,园一路
上海市嘉定区江桥镇金园一路,金园一路
上海市嘉定区江桥镇鹤霞路,鹤霞路
上海市嘉定区澄浏中路,澄浏中路
上海市嘉定区金沙江路,金沙江路
上海市嘉定区马陆镇双单路,双单路
上海市嘉定区马陆镇宝安公路,宝安公路
上海市嘉定区马陆镇封周路,封周路
上海市嘉定区马陆镇德立路,德立路
上海市嘉定区高台路,高台路
上海市嘉定区黄渡镇东港路,黄渡镇
上海市嘉定区黄渡镇劳动街,劳动街
上海市嘉定区黄渡镇劳动街,黄渡镇
上海市嘉定区黄渡镇嘉松北路,嘉松北路
上海市嘉定区黄渡镇嘉松北路,黄渡镇
上海市嘉定区黄渡镇玉麦路,玉麦路
上海市嘉定区黄渡镇玉麦路,黄渡镇
上海市天钥桥路,天钥桥路
上海市奉贤区南桥镇新建中路,建中路
上海市奉贤区南桥镇新建中路后门,建中路
上海市宝山区一二八纪念路,一二八纪念路
上海市宝山区一二八纪念路,纪念路
上海市宝山区三泉路,三泉路
上海市宝山区上大路,上大路
上海市宝山区乾溪路,乾溪路
上海市宝山区共和五村,共和五村
上海市宝山区共和四村,共和四村
上海市宝山区共和新路,共和新路
上海市宝山区共富路,共富路
上海市宝山区共康七村,共康七村
上海市宝山区共康五村,共康五村
上海市宝山区共康六村,共康六村
上海市宝山区华灵路,华灵路
上海市宝山区南大路,南大路
上海市宝山区南陈路,南陈路
上海市宝山区友谊路,友谊路
上海市宝山区古莲路,古莲路
上海市宝山区同济支路,同济支路
上海市宝山区同济路,同济路
上海市宝山区同济路,宝山区同济路
上海市宝山区向阳新村,向阳新村
上海市宝山区吴淞三村,吴淞三村
上海市宝山区呼玛一村,呼玛一村
上海市宝山区呼玛三村,呼玛三村
上海市宝山区呼玛二村,呼玛二村
上海市宝山区团结路,团结路
上海市宝山区国权北路,国权北路
上海市宝山区场北路,场北路
上海市宝山区塔源路,塔源路
上海市宝山区大华路,大华路
上海市宝山区宝山三村,宝山三村
上海市宝山区宝山九村,宝山九村
上海市宝山区宝山二村,宝山二村
上海市宝山区宝山十村,宝山十村
上海市宝山区宝林九村,宝林九村
上海市宝山区宝林二村,宝林二村
上海市宝山区宝林五村,宝林五村
上海市宝山区宝林八村,宝林八村
上海市宝山区宝林六村,宝林六村
上海市宝山区宝林四村,宝林四村
上海市宝山区宝绿路,宝绿路
上海市宝山区宝钢七村,宝钢七村
上海市宝山区宝钢三村,宝钢三村
上海市宝山区宝钢九村,宝钢九村
上海市宝山区宝钢二村,宝钢二村
上海市宝山区宝钢五村,宝钢五村
上海市宝山区宝钢八村,宝钢八村
上海市宝山区宝钢六村,宝钢六村
上海市宝山区宝钢十村,宝钢十村
上海市宝山区富南路,富南路
上海市宝山区富联路,富联路
上海市宝山区岭南路,岭南路
上海市宝山区市一路,市一路
上海市宝山区抚远路,抚远路
上海市宝山区新二路,新二路
上海市宝山区新沪路,新沪路
上海市宝山区春雷路,春雷路
上海市宝山区月塘路,月塘路
上海市宝山区月川路,月川路
上海市宝山区杨泰三村,杨泰三村
上海市宝山区松兰路,松兰路
上海市宝山区永清二村,永清二村
上海市宝山区沙浦路,沙浦路
上海市宝山区沪太支路,沪太支路
上海市宝山区沪太路,沪太路
上海市宝山区泗塘一村,泗塘一村
上海市宝山区泗塘七村,泗塘七村
上海市宝山区泗塘三村,泗塘三村
上海市宝山区泗塘二村,泗塘二村
上海市宝山区泗塘八村,泗塘八村
上海市宝山区泗塘六村,泗塘六村
上海市宝山区泗塘四村,泗塘四村
上海市宝山区泰和路,泰和路
上海市宝山区海江二村,海江二村
上海市宝山区海江路,海江路
上海市宝山区海滨五村,海滨五村
上海市宝山区海滨八村,海滨八村
上海市宝山区海滨四村,海滨四村
上海市宝山区海滨新村,海滨新村
上海市宝山区淞南七村,淞南七村
上海市宝山区淞南二村,淞南二村
上海市宝山区淞南八村,淞南八村
上海市宝山区淞南六村,淞南六村
上海市宝山区淞南十村,淞南十村
上海市宝山区淞南四村,淞南四村
上海市宝山区潘泾路,潘泾路
上海市宝山区爱辉路,爱辉路
上海市宝山区牡丹江路,牡丹江路
上海市宝山区环镇北路,环镇北路
上海市宝山区班溪路,班溪路
上海市宝山区电台路,电台路
上海市宝山区盘古路,盘古路
上海市宝山区盛桥三村,盛桥三村
上海市宝山区盛桥二村,盛桥二村
上海市宝山区真华路,真华路
上海市宝山区真金路,真金路
上海市宝山区祁连山路,祁连山路
上海市宝山区红林路,红林路
上海市宝山区纬地路,纬地路
上海市宝山区罗南二村,罗南二村
上海市宝山区罗宁路,罗宁路
上海市宝山区罗店镇塘西街,塘西街
上海市宝山区罗溪路,罗溪路
上海市宝山区罗芬路,罗芬路
上海市宝山区罗迎路,罗迎路
上海市宝山区美艾路,美艾路
上海市宝山区联谊路,联谊路
上海市宝山区聚丰园路,聚丰园路
上海市宝山区菊太路,菊太路
上海市宝山区菊盛路,菊盛路
上海市宝山区菊联路,菊联路
上海市宝山区蕰川路,蕰川路
上海市宝山区行知路,行知路
上海市宝山区通南路,通南路
上海市宝山区通河一村,通河一村
上海市宝山区通河三村,通河三村
上海市宝山区通河二村,通河二村
上海市宝山区通河八村,通河八村
上海市宝山区通河六村,通河六村
上海市宝山区逸仙路,逸仙路
上海市宝山区郁江巷路,郁江巷路
上海市宝山区锦秋路,锦秋路
上海市宝山区镇东新村,镇东新村
上海市宝山区镇泰路,镇泰路
上海市宝山区长临路,长临路
上海市宝山区长江路,长江路
上海市宝山区阳曲路,阳曲路
上海市宝山区陆翔路,陆翔路
上海市宝山区陈川路,陈川路
上海市宝山区集贤路,集贤路
上海市宝山区革新路,革新路
上海市宝山区韶山路,韶山路
上海市宝山区顾北东路,顾北东路
上海市宝山区顾北路,顾北路
上海市宝山区顾村镇菊泉街,菊泉街
上海市宝山区顾陈路,顾陈路
上海市徐汇区上中路,上中路
上海市徐汇区东安一村,东安一村
上海市徐汇区东安二村,东安二村
上海市徐汇区东安路,东安路
上海市徐汇区东平路,东平路
上海市徐汇区东泉路,东泉路
上海市徐汇区中山南二路,中山南二路
上海市徐汇区丰谷路,丰谷路
上海市徐汇区乌鲁木齐中路,乌鲁木齐中路
上海市徐汇区乌鲁木齐南路,乌鲁木齐南路
上海市徐汇区云锦路,云锦路
上海市徐汇区五原路,五原路
上海市徐汇区兴国路,兴国路
上海市徐汇区冠生园路,冠生园路
上海市徐汇区凌云新村,凌云新村
上海市徐汇区凯旋路,凯旋路
上海市徐汇区医学院路,医学院路
上海市徐汇区医学院路,学院路
上海市徐汇区华发路,华发路
上海市徐汇区华容路,华容路
上海市徐汇区南丹东路,南丹东路
上海市徐汇区南丹路,南丹路
上海市徐汇区南昌路,南昌路
上海市徐汇区古美路,古美路
上海市徐汇区吴中东路,吴中东路
上海市徐汇区嘉善路,嘉善路
上海市徐汇区复兴中路,复兴中路
上海市徐汇区复兴西路,复兴西路
上海市徐汇区天平路,天平路
上海市徐汇区天等路,天等路
上海市徐汇区天钥新村,天钥新村
上海市徐汇区天钥桥路,天钥桥路
上海市徐汇区安福路,安福路
上海市徐汇区宛南五村,宛南五村
上海市徐汇区宛南六村,宛南六村
上海市徐汇区宛南华侨新村,华侨新村
上海市徐汇区宛南华侨新村,宛南华侨新村
上海市徐汇区宛平南路,宛平南路
上海市徐汇区宜山路,宜山路
上海市徐汇区小木桥路,小木桥路
上海市徐汇区平江路,平江路
上海市徐汇区广元西路,广元西路
上海市徐汇区康健路,康健路
上海市徐汇区延庆路,延庆路
上海市徐汇区建国西路,建国西路
上海市徐汇区徐虹北路,徐虹北路
上海市徐汇区德昌路,德昌路
上海市徐汇区怀安街,怀安街
上海市徐汇区斜土路,斜土路
上海市徐汇区日晖二村,日晖二村
上海市徐汇区日晖六村,日晖六村
上海市徐汇区枫林路,枫林路
上海市徐汇区柳州路,柳州路
上海市徐汇区桂平支路,桂平支路
上海市徐汇区桂平路,桂平路
上海市徐汇区桂林东街,桂林东街
上海市徐汇区桂林西街,桂林西街
上海市徐汇区桂林路,桂林路
上海市徐汇区梅陇三村,梅陇三村
上海市徐汇区梅陇九村,梅陇九村
上海市徐汇区梅陇八村,梅陇八村
上海市徐汇区梅陇六村,梅陇六村
上海市徐汇区梅陇十一村,梅陇十一村
上海市徐汇区梅陇十村,梅陇十村
上海市徐汇区梅陇四村,梅陇四村
上海市徐汇区正阳路,正阳路
上海市徐汇区武康路,武康路
上海市徐汇区永嘉路,永嘉路
上海市徐汇区永康路,永康路
上海市徐汇区永福路,永福路
上海市徐汇区汇成苑五村,汇成苑五村
上海市徐汇区江南二村,江南二村
上海市徐汇区汾阳路,汾阳路
上海市徐汇区沪闵路,沪闵路
上海市徐汇区浦北路,浦北路
上海市徐汇区淮海中路,徐汇区淮海中路
上海市徐汇区淮海中路,淮海中路
上海市徐汇区清真路,清真路
上海市徐汇区湖南路,湖南路
上海市徐汇区漕东路,漕东路
上海市徐汇区漕宝路,漕宝路
上海市徐汇区漕溪路,漕溪路
上海市徐汇区瑞金南路,瑞金南路
上海市徐汇区田林七村,田林七村
上海市徐汇区田林东路,田林东路
上海市徐汇区田林九村,田林九村
上海市徐汇区田林八村,田林八村
上海市徐汇区田林十三村,田林十三村
上海市徐汇区番禺路,番禺路
上海市徐汇区石龙路,石龙路
上海市徐汇区秀山路,秀山路
上海市徐汇区罗城路,罗城路
上海市徐汇区罗秀路,罗秀路
上海市徐汇区罗香路,罗香路
上海市徐汇区老沪闵路,沪闵路
上海市徐汇区老沪闵路,老沪闵路
上海市徐汇区肇嘉浜路,肇嘉浜路
上海市徐汇区虹桥路,虹桥路
上海市徐汇区虹梅南路,虹梅南路
上海市徐汇区虹梅路,虹梅路
上海市徐汇区衡山路,衡山路
上海市徐汇区襄阳南路,襄阳南路
上海市徐汇区钦州北路,钦州北路
上海市徐汇区钦州南路,钦州南路
上海市徐汇区长乐路,长乐路
上海市徐汇区长桥三村,长桥三村
上海市徐汇区长桥二村,长桥二村
上海市徐汇区长桥五村,长桥五村
上海市徐汇区长桥六村,长桥六村
上海市徐汇区长桥新村,长桥新村
上海市徐汇区陕西南路,陕西南路
上海市徐汇区零陵路,零陵路
上海市徐汇区高安路,高安路
上海市徐汇区高邮路,高邮路
上海市徐汇区黄石路,黄石路
上海市徐汇区龙华西路,龙华西路
上海市徐汇区龙华路,龙华路
上海市徐汇区龙南七村,龙南七村
上海市徐汇区龙南三村,龙南三村
上海市徐汇区龙吟路,龙吟路
上海市徐汇区龙吴路,龙吴路
上海市徐汇区龙山新村,龙山新村
上海市徐汇区龙恒路,龙恒路
上海市徐汇区龙水北路,龙水北路
上海市徐汇区龙漕路,龙漕路
上海市普陀区东新路,东新路
上海市普陀区中山北路,中山北路
上海市普陀区中江路,中江路
上海市普陀区交通路,交通路
上海市普陀区信安新村,信安新村
上海市普陀区光复西路,光复西路
上海市普陀区光复西路南林家港,光复西路
上海市普陀区光复西路南林家港,南林家港
上海市普陀区光新路,光新路
上海市普陀区兰溪路,兰溪路
上海市普陀区北石路,北石路
上海市普陀区千阳南路,千阳南路
上海市普陀区华池路,华池路
上海市普陀区南大街,南大街
上海市普陀区古浪路,古浪路
上海市普陀区大渡河路,大渡河路
上海市普陀区子长路,子长路
上海市普陀区宜川一村,宜川一村
上海市普陀区宜川三村,宜川三村
上海市普陀区宜川二村,宜川二村
上海市普陀区宜川六村,宜川六村
上海市普陀区宜川路,宜川路
上海市普陀区宜昌路,宜昌路
上海市普陀区富平路,富平路
上海市普陀区常德路,常德路
上海市普陀区延川路,延川路
上海市普陀区延长西路,延长西路
上海市普陀区志丹路,志丹路
上海市普陀区怒江路,怒江路
上海市普陀区新村路,新村路
上海市普陀区旬阳新村,旬阳新村
上海市普陀区普陀一村,普陀一村
上海市普陀区普陀二村,普陀二村
上海市普陀区普陀四村,普陀四村
上海市普陀区曹杨一村,曹杨一村
上海市普陀区曹杨七村,曹杨七村
上海市普陀区曹杨路,曹杨路
上海市普陀区曹杨路西沙洪浜,曹杨路
上海市普陀区曹杨路西沙洪浜,西沙洪浜
上海市普陀区曹杨路金沙新村,曹杨路
上海市普陀区曹杨路金沙新村,金沙新村
上海市普陀区桃浦西路,桃浦西路
上海市普陀区桃浦路,桃浦路
上海市普陀区梅岭北路,梅岭北路
上海市普陀区梅川路,梅川路
上海市普陀区棕榈路,棕榈路
上海市普陀区武威东路,武威东路
上海市普陀区武威路,武威路
上海市普陀区武宁一村,武宁一村
上海市普陀区武宁二村,武宁二村
上海市普陀区武宁路,武宁路
上海市普陀区江宁路,江宁路
上海市普陀区泰山二村,泰山二村
上海市普陀区泾惠路,泾惠路
上海市普陀区泾阳路,泾阳路
上海市普陀区清峪路,清峪路
上海市普陀区清涧路,清涧路
上海市普陀区澳门路,澳门路
上海市普陀区灵石路,灵石路
上海市普陀区甘泉一村,甘泉一村
上海市普陀区甘泉三村,甘泉三村
上海市普陀区白丽路,白丽路
上海市普陀区白玉新村,白玉新村
上海市普陀区白玉路,白玉路
上海市普陀区真光路,真光路
上海市普陀区真北路,真北路
上海市普陀区真华路,真华路
上海市普陀区真南路,真南路
上海市普陀区真如新村,真如新村
上海市普陀区真金路,真金路
上海市普陀区石岚三村,石岚三村
上海市普陀区石泉一村,石泉一村
上海市普陀区石泉六村,石泉六村
上海市普陀区石泉路,石泉路
上海市普陀区祁安路,祁安路
上海市普陀区竹柳路,竹柳路
上海市普陀区管弄路,管弄路
上海市普陀区红柳路,红柳路
上海市普陀区红棉路,红棉路
上海市普陀区绿杨路,绿杨路
上海市普陀区西康路,西康路
上海市普陀区金汤路,金汤路
上海市普陀区金沙江路,金沙江路
上海市普陀区金迈路,金迈路
上海市普陀区金鼎路,金鼎路
上海市普陀区铜川路,铜川路
上海市普陀区银杏路,银杏路
上海市普陀区镇坪路,镇坪路
上海市普陀区长寿路,长寿路
上海市普陀区雪松路,雪松路
上海市普陀区香樟路,香樟路
上海市普陀区黄陵路,黄陵路
上海市杨浦区三门路,三门路
上海市杨浦区世界路,世界路
上海市杨浦区中原路,中原路
上海市杨浦区中山北二路,中山北二路
上海市杨浦区临青路,临青路
上海市杨浦区仁德路,仁德路
上海市杨浦区佳木斯路,佳木斯路
上海市杨浦区关山路,关山路
上海市杨浦区内江一村,内江一村
上海市杨浦区内江路,内江路
上海市杨浦区军工路,军工路
上海市杨浦区凤城三村,凤城三村
上海市杨浦区凤城二村,凤城二村
上海市杨浦区凤城五村,凤城五村
上海市杨浦区凤城六村,凤城六村
上海市杨浦区包头南路,包头南路
上海市杨浦区包头路,包头路
上海市杨浦区友谊新村,友谊新村
上海市杨浦区双辽支路,双辽支路
上海市杨浦区双辽路,双辽路
上海市杨浦区双阳一村,双阳一村
上海市杨浦区双阳北路,双阳北路
上海市杨浦区双阳支路,双阳支路
上海市杨浦区双阳路,双阳路
上海市杨浦区吉浦路,吉浦路
上海市杨浦区周家嘴路,周家嘴路
上海市杨浦区唐山路,唐山路
上海市杨浦区四平路,四平路
上海市杨浦区国和一村,国和一村
上海市杨浦区国和路,国和路
上海市杨浦区国定路,国定路
上海市杨浦区国年路,国年路
上海市杨浦区国权东路,国权东路
上海市杨浦区国权后路,国权后路
上海市杨浦区国权路,国权路
上海市杨浦区国福路,国福路
上海市杨浦区国顺东路,国顺东路
上海市杨浦区国顺路,国顺路
上海市杨浦区图们路,图们路
上海市杨浦区嫩江路,嫩江路
上海市杨浦区学府街,学府街
上海市杨浦区宁武路,宁武路
上海市杨浦区安波路,安波路
上海市杨浦区定海路,定海路
上海市杨浦区密云路,密云路
上海市杨浦区工农三村,工农三村
上海市杨浦区工农四村,工农四村
上海市杨浦区市光一村,市光一村
上海市杨浦区市光三村,市光三村
上海市杨浦区市光二村,市光二村
上海市杨浦区市光四村,市光四村
上海市杨浦区平凉路,平凉路
上海市杨浦区广远新村,广远新村
上海市杨浦区延吉三村,延吉三村
上海市杨浦区延吉东路,延吉东路
上海市杨浦区延吉中路,延吉中路
上海市杨浦区延吉二村,延吉二村
上海市杨浦区延吉四村,延吉四村
上海市杨浦区延吉西路,延吉西路
上海市杨浦区开鲁一村,开鲁一村
上海市杨浦区开鲁三村,开鲁三村
上海市杨浦区开鲁二村,开鲁二村
上海市杨浦区开鲁五村,开鲁五村
上海市杨浦区开鲁六村,开鲁六村
上海市杨浦区开鲁四村,开鲁四村
上海市杨浦区开鲁路,开鲁路
上海市杨浦区怀德路,怀德路
上海市杨浦区惠民路,惠民路
上海市杨浦区控江三村,控江三村
上海市杨浦区控江二村,控江二村
上海市杨浦区控江五村,控江五村
上海市杨浦区控江路,控江路
上海市杨浦区政和路,政和路
上海市杨浦区政德东路,政德东路
上海市杨浦区政悦路,政悦路
上海市杨浦区政旦东路,政旦东路
上海市杨浦区政本路,政本路
上海市杨浦区政立路,政立路
上海市杨浦区政肃路,政肃路
上海市杨浦区政通路,政通路
上海市杨浦区敦化路,敦化路
上海市杨浦区本溪路,本溪路
上海市杨浦区杨树浦路,杨树浦路
上海市杨浦区杭州路,杭州路
上海市杨浦区松花一村,松花一村
上海市杨浦区松花江路,松花江路
上海市杨浦区榆林路,榆林路
上海市杨浦区武东路,武东路
上海市杨浦区武川路,武川路
上海市杨浦区殷行一村,殷行一村
上海市杨浦区殷行二村,殷行二村
上海市杨浦区殷行路,殷行路
上海市杨浦区民京路,民京路
上海市杨浦区水电新村,水电新村
上海市杨浦区江浦路,江浦路
上海市杨浦区江湾城路,江湾城路
上海市杨浦区河间路,河间路
上海市杨浦区济宁路,济宁路
上海市杨浦区海州路,海州路
上海市杨浦区清源环路,清源环路
上海市杨浦区爱国二村,爱国二村
上海市杨浦区眉州路,眉州路
上海市杨浦区翔殷三村,翔殷三村
上海市杨浦区翔殷路,翔殷路
上海市杨浦区营口路,营口路
上海市杨浦区许昌路,许昌路
上海市杨浦区赤峰路,赤峰路
上海市杨浦区辽源三村,辽源三村
上海市杨浦区辽源二村,辽源二村
上海市杨浦区辽源四村,辽源四村
上海市杨浦区辽源新村,辽源新村
上海市杨浦区逸仙路,逸仙路
上海市杨浦区邯郸路,邯郸路
上海市杨浦区铁岭路,铁岭路
上海市杨浦区锦西路,锦西路
上海市杨浦区长岭路,长岭路
上海市杨浦区长海三村,长海三村
上海市杨浦区长白三村,长白三村
上海市杨浦区长白二村,长白二村
上海市杨浦区长阳路,长阳路
上海市杨浦区闸殷路,闸殷路
上海市杨浦区阜新路,阜新路
上海市杨浦区隆昌路,隆昌路
上海市杨浦区靖宇东路,靖宇东路
上海市杨浦区鞍山一村,鞍山一村
上海市杨浦区鞍山七村,鞍山七村
上海市杨浦区鞍山二村,鞍山二村
上海市杨浦区鞍山五村,鞍山五村
上海市杨浦区鞍山八村,鞍山八村
上海市杨浦区鞍山六村,鞍山六村
上海市杨浦区鞍山四村,鞍山四村
上海市杨浦区鞍山路,鞍山路
上海市杨浦区飞虹路,飞虹路
上海市杨浦区黄兴路瞿家浜,黄兴路
上海市杨浦区齐齐哈尔路,齐齐哈尔路
上海市杨浦区龙江路,龙江路
上海市松江区乐都支路,乐都支路
上海市松江区九亭镇九亭大街,九亭大街
上海市松江区九亭镇九亭大街,松江区九亭镇九亭大街
上海市松江区九亭镇九杜路,九杜路
上海市松江区九亭镇沪亭北路,亭北路
上海市松江区九亭镇沪亭北路,松江区九亭镇沪亭北路
上海市松江区九亭镇沪亭北路,沪亭北路
上海市松江区九亭镇沪亭南路,沪亭南路
上海市松江区九亭镇涞亭北路,亭北路
上海市松江区九亭镇涞亭北路,涞亭北路
上海市松江区九亭镇涞坊路,涞坊路
上海市松江区九亭镇涞寅路,涞寅路
上海市松江区九亭镇蒲汇路,蒲汇路
上海市松江区九亭镇虬泾路,虬泾路
上海市松江区九新公路,九新公路
上海市松江区九新公路,松江区九新公路
上海市松江区人民北路,人民北路
上海市松江区仓城七村,仓城七村
上海市松江区佘山镇桃源路,桃源路
上海市松江区北松公路,北松公路
上海市松江区千新公路,千新公路
上海市松江区工业区愉光新村,愉光新村
上海市松江区工业区松东路,松东路
上海市松江区工业区荣乐东路,荣乐东路
上海市松江区新松江路,新松江路
上海市松江区新松江路,松江路
上海市松江区杜家滩,杜家滩
上海市松江区林荫新路,林荫新路
上海市松江区沪松公路,沪松公路
上海市松江区泗泾镇古楼公路,古楼公路
上海市松江区泗泾镇开江二路,开江二路
上海市松江区泗泾镇开江西路,开江西路
上海市松江区泗泾镇鼓浪路,鼓浪路
上海市松江区洞泾镇洞莘路,洞莘路
上海市松江区科技园区新港路,新港路
上海市松江区茸惠路,茸惠路
上海市松江区谷阳北路,松江区谷阳北路
上海市松江区谷阳北路,谷阳北路
上海市浦东新区万德路,万德路
上海市浦东新区三林路,三林路
上海市浦东新区三林路,浦东新区三林路
上海市浦东新区三林镇懿行路,懿行路
上海市浦东新区上南一村,上南一村
上海市浦东新区上南六村,上南六村
上海市浦东新区上南路,上南路
上海市浦东新区上浦路,上浦路
上海市浦东新区上钢一村,上钢一村
上海市浦东新区上钢九村,上钢九村
上海市浦东新区上钢二村,上钢二村
上海市浦东新区下南路,下南路
上海市浦东新区东书房路,东书房路
上海市浦东新区东方路,东方路
上海市浦东新区东绣路,东绣路
上海市浦东新区东陆路,东陆路
上海市浦东新区严中路,严中路
上海市浦东新区严杨路,严杨路
上海市浦东新区严民路,严民路
上海市浦东新区临沂一村,临沂一村
上海市浦东新区临沂路,临沂路
上海市浦东新区乳山三村,乳山三村
上海市浦东新区云台路,云台路
上海市浦东新区五莲路,五莲路
上海市浦东新区佳林路,佳林路
上海市浦东新区俱进路,俱进路
上海市浦东新区凌兆路,凌兆路
上海市浦东新区凌河路,凌河路
上海市浦东新区创新西路,创新西路
上海市浦东新区利津路,利津路
上海市浦东新区北中路,北中路
上海市浦东新区北张家浜路,北张家浜路
上海市浦东新区北张家浜路,张家浜路
上海市浦东新区北艾路,北艾路
上海市浦东新区北蔡镇绿林路,绿林路
上海市浦东新区南林路,南林路
上海市浦东新区南泉路,南泉路
上海市浦东新区南码头路,南码头
上海市浦东新区南码头路,南码头路
上海市浦东新区博兴路,博兴路
上海市浦东新区博山东路,博山东路
上海市浦东新区历城路,历城路
上海市浦东新区双桥路,双桥路
上海市浦东新区向东新村,向东新村
上海市浦东新区向城路,向城路
上海市浦东新区周浦镇年家浜路,周浦镇年家浜路
上海市浦东新区周浦镇年家浜路,年家浜
上海市浦东新区周浦镇年家浜路,年家浜路
上海市浦东新区周浦镇瑞意路,瑞意路
上海市浦东新区和炯路,和炯路
上海市浦东新区和融路,和融路
上海市浦东新区和龙路,和龙路
上海市浦东新区唐镇创新中路,创新中路
上海市浦东新区塘桥新路,塘桥新路
上海市浦东新区大道站路,大道站路
上海市浦东新区寿光路,寿光路
上海市浦东新区居家桥路,居家桥路
上海市浦东新区峨山路,峨山路
上海市浦东新区崂山四村,崂山四村
上海市浦东新区崂山新村,崂山新村
上海市浦东新区崂山路,崂山路
上海市浦东新区崮山路,崮山路
上海市浦东新区川沙路,川沙路
上海市浦东新区巨峰路,巨峰路
上海市浦东新区康桥镇杨高南路,杨高南路
上海市浦东新区张杨北路,张杨北路
上海市浦东新区张杨路,张杨路
上海市浦东新区微山二村,微山二村
上海市浦东新区德州路,德州路
上海市浦东新区德平路,德平路
上海市浦东新区惠南镇东城花苑,东城花苑
上海市浦东新区惠南镇听悦路,听悦路
上海市浦东新区惠南镇拱极路,拱极路
上海市浦东新区成山路,成山路
上海市浦东新区新场镇众安路,众安路
上海市浦东新区新场镇众安路,新场镇
上海市浦东新区新跃路,新跃路
上海市浦东新区新陈路,新陈路
上海市浦东新区昌里东路,昌里东路
上海市浦东新区昌里路,昌里路
上海市浦东新区明月路,明月路
上海市浦东新区杜鹃路,杜鹃路
上海市浦东新区杨南路,杨南路
上海市浦东新区杨思路,杨思路
上海市浦东新区杨新路,杨新路
上海市浦东新区杨高中路,杨高中路
上海市浦东新区杨高南路,杨高南路
上海市浦东新区松林路,松林路
上海市浦东新区板泉路,板泉路
上海市浦东新区枣庄路,枣庄路
上海市浦东新区桃林路,桃林路
上海市浦东新区民春路,民春路
上海市浦东新区民生四村,民生四村
上海市浦东新区民雨路,民雨路
上海市浦东新区永泰路,永泰路
上海市浦东新区沂南路,沂南路
上海市浦东新区沪南路,沪南路
上海市浦东新区洪山路,洪山路
上海市浦东新区浦三路,浦三路
上海市浦东新区浦东南路,浦东南路
上海市浦东新区浦东大道,浦东大
上海市浦东新区浦东大道,浦东大道
上海市浦东新区浦电路,浦电路
上海市浦东新区海松路,海松路
上海市浦东新区海防新村,海防新村
上海市浦东新区海阳路,海阳路
上海市浦东新区海顺路,海顺路
上海市浦东新区潍坊五村,潍坊五村
上海市浦东新区潍坊路,潍坊路
上海市浦东新区灵山路,灵山路
上海市浦东新区灵岩南路,灵岩南路
上海市浦东新区牟平路,牟平路
上海市浦东新区申江路,申江路
上海市浦东新区碧云路,碧云路
上海市浦东新区福山路,福山路
上海市浦东新区紫叶路,紫叶路
上海市浦东新区羽山路,羽山路
上海市浦东新区耀华路,耀华路
上海市浦东新区花木路,花木路
上海市浦东新区芳华路,芳华路
上海市浦东新区芳芯路,芳芯路
上海市浦东新区莱阳路,莱阳路
上海市浦东新区莲中路,莲中路
上海市浦东新区莲园路,莲园路
上海市浦东新区莲溪路,莲溪路
上海市浦东新区蓝天路,蓝天路
上海市浦东新区西三里桥路,西三里桥路
上海市浦东新区西泰林路,西泰林路
上海市浦东新区西营南路,西营南路
上海市浦东新区西营路,西营路
上海市浦东新区连波路,连波路
上海市浦东新区金口路,金口路
上海市浦东新区金杨路,金杨路
上海市浦东新区金桥路,金桥路
上海市浦东新区金高路,金高路
上海市浦东新区银山路,银山路
上海市浦东新区银霄路,银霄路
上海市浦东新区锦绣路,锦绣路
上海市浦东新区长岛路,长岛路
上海市浦东新区长清路,长清路
上海市浦东新区高东二路,高东二路
上海市浦东新区高东镇高宝路,高宝路
上海市浦东新区高桥镇凌环路,凌环路
上海市浦东新区高桥镇江东路,江东路
上海市浦东新区高行镇东沟七村,东沟七村
上海市浦东新区高行镇东沟六村,东沟六村
上海市浦东新区高行镇东靖路,东靖路
上海市浦东新区高行镇浦煤新村,浦煤新村
上海市浦东新区高行镇浦煤新村徐家桥,浦煤新村
上海市浦东新区高行镇白萱路,白萱路
上海市浦东新区高行镇繁锦路,繁锦路
上海市浦东新区鹤沙路,鹤沙路
上海市浦东新区鹤驰路,鹤驰路
上海市浦东新区齐河路,齐河路
上海市浦东新区龙居路,龙居路
上海市浦东新区龙阳路,龙阳路
上海市浦东新区龚华路,龚华路
上海市浦东新区龚路镇银峰路,银峰路
上海市虹口区万安路,万安路
上海市虹口区三门路,三门路
上海市虹口区东体育会路,东体育会路
上海市虹口区东余杭路,东余杭路
上海市虹口区东大名路,东大名路
上海市虹口区东宝兴路,东宝兴路
上海市虹口区东汉阳路,东汉阳路
上海市虹口区东江湾路,东江湾路
上海市虹口区东长治路,东长治路
上海市虹口区中山北一路,中山北一路
上海市虹口区丰镇路,丰镇路
上海市虹口区临平路,临平路
上海市虹口区丹徒路,丹徒路
上海市虹口区保定路,保定路
上海市虹口区凉城路,凉城路
上海市虹口区北苏州路,北苏州路
上海市虹口区南崇明路,南崇明路
上海市虹口区友谊一村,友谊一村
上海市虹口区友谊二村,友谊二村
上海市虹口区吉祥路,吉祥路
上海市虹口区同心路,同心路
上海市虹口区吴家湾路,吴家湾
上海市虹口区吴家湾路,吴家湾路
上海市虹口区吴淞路,吴淞路
上海市虹口区周家嘴路,周家嘴路
上海市虹口区哈尔滨路,哈尔滨路
上海市虹口区唐山路,唐山路
上海市虹口区四川北路,四川北路
上海市虹口区四川北路,川北路
上海市虹口区四平路,四平路
上海市虹口区四平路幸福村,四平路
上海市虹口区四平路幸福村,幸福村
上海市虹口区四达路,四达路
上海市虹口区场中路,场中路
上海市虹口区塘沽路,塘沽路
上海市虹口区多伦路,多伦路
上海市虹口区大连西路,大连西路
上海市虹口区大连西路玉田新村,大连西路
上海市虹口区大连西路玉田新村,玉田新村
上海市虹口区大连路,大连路
上海市虹口区天宝西路,天宝西路
上海市虹口区天宝路,天宝路
上海市虹口区天水路,天水路
上海市虹口区奎照路,奎照路
上海市虹口区宝安路,宝安路
上海市虹口区宝山路,宝山路
上海市虹口区密云路,密云路
上海市虹口区山阴路,山阴路
上海市虹口区峨嵋路,峨嵋路
上海市虹口区广中一村,广中一村
上海市虹口区广中三村,广中三村
上海市虹口区广中三村甲,广中三村
上海市虹口区广中三村甲,广中三村甲
上海市虹口区广中路,广中路
上海市虹口区广灵一路,广灵一路
上海市虹口区广灵二村,广灵二村
上海市虹口区广灵二路,广灵二路
上海市虹口区广灵四路,广灵四路
上海市虹口区广粤路,广粤路
上海市虹口区惠民路,惠民路
上海市虹口区文治路,文治路
上海市虹口区新市南路,新市南路
上海市虹口区新市路,新市路
上海市虹口区新建路,新建路
上海市虹口区新港路,新港路
上海市虹口区曲阳路,曲阳路
上海市虹口区松花江路,松花江路
上海市虹口区柳营路,柳营路
上海市虹口区榆林路临潼西村,榆林路
上海市虹口区榆林路临潼西村,榆林路临潼西村
上海市虹口区欧阳路,欧阳路
上海市虹口区水电路,水电路
上海市虹口区汶水东路,汶水东路
上海市虹口区沽源路,沽源路
上海市虹口区玉田路,玉田路
上海市虹口区甜爱路,甜爱路
上海市虹口区石油新村,石油新村
上海市虹口区祥德路,祥德路
上海市虹口区祥德路谭家桥,祥德路
上海市虹口区祥德路谭家桥,祥德路谭家桥
上海市虹口区祥德路谭家桥,谭家桥
上海市虹口区胡家木桥路,胡家木桥路
上海市虹口区虬江路,虬江路
上海市虹口区蟠龙街,蟠龙街
上海市虹口区衡水路,衡水路
上海市虹口区西宝兴路,西宝兴路
上海市虹口区西江湾路,西江湾路
上海市虹口区赤峰路,赤峰路
上海市虹口区车站北路,车站北路
上海市虹口区车站南路,车站南路
上海市虹口区运光路,运光路
上海市虹口区逸仙路,逸仙路
上海市虹口区邯郸路,邯郸路
上海市虹口区长春路,长春路
上海市虹口区霍山路,霍山路
上海市虹口区韶嘉路,韶嘉路
上海市长宁区万航渡路,万航渡路
上海市长宁区东诸安浜路,东诸安浜路
上海市长宁区中华新村,中华新村
上海市长宁区中山西路,中山西路
上海市长宁区中泾路,中泾路
上海市长宁区云雾山路,云雾山路
上海市长宁区仙霞西路,仙霞西路
上海市长宁区仙霞路,仙霞路
上海市长宁区伊犁路,伊犁路
上海市长宁区兴义路,兴义路
上海市长宁区兴国路,兴国路
上海市长宁区凯旋路,凯旋路
上海市长宁区利西路,利西路
上海市长宁区剑河路,剑河路
上海市长宁区北渔路,北渔路
上海市长宁区北虹路,北虹路
上海市长宁区华山路,华山路
上海市长宁区华阳路,华阳路
上海市长宁区协和路,协和路
上海市长宁区古北路,古北路
上海市长宁区哈密路,哈密路
上海市长宁区天山三村,天山三村
上海市长宁区天山二村,天山二村
上海市长宁区天山五村,天山五村
上海市长宁区天山四村,天山四村
上海市长宁区天山支路,天山支路
上海市长宁区天山西路,天山西路
上海市长宁区天山路,天山路
上海市长宁区威宁路,威宁路
上海市长宁区娄山关路,娄山关路
上海市长宁区安化路,安化路
上海市长宁区安顺路,安顺路
上海市长宁区安龙路,安龙路
上海市长宁区宋园路,宋园路
上海市长宁区定西路,定西路
上海市长宁区宣化路,宣化路
上海市长宁区富贵东道,富贵东道
上海市长宁区平塘路,平塘路
上海市长宁区延安西路,安西路
上海市长宁区延安西路,延安西路
上海市长宁区愚园路,愚园路
上海市长宁区新华路,新华路
上海市长宁区新泾一村,新泾一村
上海市长宁区新泾三村,新泾三村
上海市长宁区新渔东路,新渔东路
上海市长宁区新渔路,新渔路
上海市长宁区昭化路,昭化路
上海市长宁区武夷路,武夷路
上海市长宁区武定西路,定西路
上海市长宁区武定西路,武定西路
上海市长宁区水城南路,城南路
上海市长宁区水城南路,水城南路
上海市长宁区水城路,水城路
上海市长宁区汇川路,汇川路
上海市长宁区江苏北路,江苏北路
上海市长宁区江苏路,江苏路
上海市长宁区沪青平公路,沪青平公路
上海市长宁区法华镇路,法华镇路
上海市长宁区淞虹路,淞虹路
上海市长宁区淮海西路,淮海西路
上海市长宁区玉屏南路,玉屏南路
上海市长宁区甘溪路,甘溪路
上海市长宁区番禺路,番禺路
上海市长宁区程家桥路,程家桥路
上海市长宁区程桥一村,程桥一村
上海市长宁区程桥二村,程桥二村
上海市长宁区紫云西路,云西路
上海市长宁区紫云西路,紫云西路
上海市长宁区芙蓉江路,芙蓉江路
上海市长宁区茅台路,茅台路
上海市长宁区荣华西道,荣华西道
上海市长宁区蒲淞北路,蒲淞北路
上海市长宁区虹古路,虹古路
上海市长宁区虹桥机场新村,机场新村
上海市长宁区虹桥机场新村,虹桥机场新村
上海市长宁区虹桥路,虹桥路
上海市长宁区虹梅路,虹梅路
上海市长宁区虹许路,虹许路
上海市长宁区西诸安浜路,西诸安浜
上海市长宁区西诸安浜路,西诸安浜路
上海市长宁区金钟路,金钟路
上海市长宁区镇宁路,镇宁路
上海市长宁区长宁支路,长宁支路
上海市长宁区长宁路,长宁路
上海市长宁区长顺路,长顺路
上海市长宁区青溪路,青溪路
上海市闵行区七莘路,七莘路
上海市闵行区万源路,万源路
上海市闵行区上中西路,上中西路
上海市闵行区上中西路,中西路
上海市闵行区东兰路,东兰路
上海市闵行区中春路,中春路
上海市闵行区中谊路,中谊路
上海市闵行区丰顺路,丰顺路
上海市闵行区伊犁南路,伊犁南路
上海市闵行区伟业路,伟业路
上海市闵行区北翟路,北翟路
上海市闵行区华茂路,华茂路
上海市闵行区古美西路,古美西路
上海市闵行区古美路,古美路
上海市闵行区古美路,闵行区古美路
上海市闵行区古龙路,古龙路
上海市闵行区召楼路,召楼路
上海市闵行区同乐路,同乐路
上海市闵行区吴中路,吴中路
上海市闵行区吴宝路,吴宝路
上海市闵行区天山西路,天山西路
上海市闵行区宜山路,宜山路
上海市闵行区宝南路,宝南路
上海市闵行区宝城路,宝城路
上海市闵行区宝铭路,宝铭路
上海市闵行区尚义路,尚义路
上海市闵行区庙泾路,庙泾路
上海市闵行区张虹路,张虹路
上海市闵行区报春路,报春路
上海市闵行区新镇路,新镇路
上海市闵行区春申路,春申路
上海市闵行区春都路,春都路
上海市闵行区普乐路,普乐路
上海市闵行区普洱路,普洱路
上海市闵行区曙建路,曙建路
上海市闵行区朱行三村,朱行三村
上海市闵行区梅陇一村,梅陇一村
上海市闵行区梅陇二村,梅陇二村
上海市闵行区横泾东路,横泾东路
上海市闵行区沪光路,沪光路
上海市闵行区漕宝路,漕宝路
上海市闵行区申北路,申北路
上海市闵行区疏影路,疏影路
上海市闵行区碧秀路,碧秀路
上海市闵行区程家桥路,程家桥路
上海市闵行区紫藤一村,紫藤一村
上海市闵行区繁兴路,繁兴路
上海市闵行区红松东路,松东路
上海市闵行区红松东路,红松东路
上海市闵行区红松路,红松路
上海市闵行区纪翟路,纪翟路
上海市闵行区罗秀路,罗秀路
上海市闵行区罗锦路,罗锦路
上海市闵行区罗阳路,罗阳路
上海市闵行区老沪闵路,沪闵路
上海市闵行区老沪闵路,老沪闵路
上海市闵行区老虹井路,老虹井路
上海市闵行区老虹井路,虹井路
上海市闵行区腾冲路,腾冲路
上海市闵行区航东路,航东路
上海市闵行区航北路,航北路
上海市闵行区航华二村,航华二村
上海市闵行区荣谊路,荣谊路
上海市闵行区莘东路,莘东路
上海市闵行区莘北路,莘北路
上海市闵行区莘庄镇莘南新村,莘南新村
上海市闵行区莘朱路,莘朱路
上海市闵行区莘松路,莘松路
上海市闵行区莘浜路,莘浜路
上海市闵行区莘西南路,莘西南路
上海市闵行区莲花南路,莲花南路
上海市闵行区莲花路,莲花路
上海市闵行区虹中路,虹中路
上海市闵行区虹井路,虹井路
上海市闵行区虹梅南路,虹梅南路
上海市闵行区虹梅路,虹梅路
上海市闵行区虹泉路,虹泉路
上海市闵行区虹莘路,虹莘路
上海市闵行区虹许路,虹许路
上海市闵行区都市路,都市路
上海市闵行区金丰路,金丰路
上海市闵行区金汇南路,金汇南路
上海市闵行区金汇路,金汇路
上海市闵行区金辉路,金辉路
上海市闵行区银都路,银都路
上海市闵行区锦梅路,锦梅路
上海市闵行区闵城路,闵城路
上海市闵行区青年路,闵行区青年路
上海市闵行区青年路,青年路
上海市闵行区青杉路,青杉路
上海市闵行区顾戴路,顾戴路
上海市闵行区黄桦路,黄桦路
上海市闵行区黎明路,黎明路
上海市闵行区龙柏一村,龙柏一村
上海市闵行区龙柏三村,龙柏三村
上海市闵行区龙茗路,龙茗路
上海市闸北区万荣路,万荣路
上海市闸北区三泉路,三泉路
上海市闸北区东宝兴路,东宝兴路
上海市闸北区中华新路,中华新路
上海市闸北区中山北路,中山北路
上海市闸北区临汾路,临汾路
上海市闸北区交城路,交城路
上海市闸北区保德路,保德路
上海市闸北区公兴路,公兴路
上海市闸北区共和新路,共和新路
上海市闸北区北宝兴路,北宝兴路
上海市闸北区南山路,南山路
上海市闸北区原平路,原平路
上海市闸北区国庆路,国庆路
上海市闸北区场中路,场中路
上海市闸北区塘沽路,塘沽路
上海市闸北区大宁路,大宁路
上海市闸北区大统路,大统路
上海市闸北区天目中路,天目中路
上海市闸北区天目西路,天目西路
上海市闸北区安业路,安业路
上海市闸北区宝山路,宝山路
上海市闸北区宝昌路,宝昌路
上海市闸北区宝源路,宝源路
上海市闸北区山西北路,山西北路
上海市闸北区山西北路,西北路
上海市闸北区岭南路,岭南路
上海市闸北区平型关路,平型关路
上海市闸北区平顺路,平顺路
上海市闸北区广中西路,中西路
上海市闸北区广中西路,广中西路
上海市闸北区广延路,广延路
上海市闸北区康乐路,康乐路
上海市闸北区延长路,延长路
上海市闸北区彭浦新村,彭浦新村
上海市闸北区恒丰北路,恒丰北路
上海市闸北区新疆路,新疆路
上海市闸北区晋城路,晋城路
上海市闸北区普善路,普善路
上海市闸北区普善路毛家弄,普善路
上海市闸北区景凤路,景凤路
上海市闸北区柳营路,柳营路
上海市闸北区永兴路,永兴路
上海市闸北区汶水路,汶水路
上海市闸北区汾西路,汾西路
上海市闸北区沪太路,沪太路
上海市闸北区洛川东路,洛川东路
上海市闸北区洛川中路,洛川中路
上海市闸北区灵石路,灵石路
上海市闸北区老沪太路,沪太路
上海市闸北区老沪太路,老沪太路
上海市闸北区芷江中路,芷江中路
上海市闸北区芷江西路,芷江西路
上海市闸北区蒙古路,蒙古路
上海市闸北区虬江路,虬江路
上海市闸北区西藏北路,西藏北路
上海市闸北区谈家桥路,谈家桥路
上海市闸北区通阁路,通阁路
上海市闸北区银都二村,银都二村
上海市闸北区长安路,长安路
上海市闸北区闻喜路,闻喜路
上海市闸北区阳城路,阳城路
上海市闸北区阳曲路,阳曲路
上海市闸北区陈家宅路,陈家宅路
上海市闸北区青云路,青云路
上海市青浦区久远路,久远路
上海市青浦区凤丹路,凤丹路
上海市青浦区华新镇华富街,华富街
上海市青浦区华新镇华新街,华新街
上海市青浦区塔湾新村,塔湾新村
上海市青浦区徐泾镇沪青平公路,沪青平公路
上海市青浦区朱家角镇复兴路,复兴路
上海市青浦区白鹤镇白石公路,白石公路
上海市青浦区重固镇大街,重固镇大街
上海市静安区万春街,万春街
上海市静安区万航渡路,万航渡路
上海市静安区余姚路,余姚路
上海市静安区北京西路,北京西路
上海市静安区升平街,升平街
上海市静安区华山路,华山路
上海市静安区南京西路,南京西路
上海市静安区奉贤路,奉贤路
上海市静安区威海路,威海路
上海市静安区安远路,安远路
上海市静安区富民路,富民路
上海市静安区常德路,常德路
上海市静安区常熟路,常熟路
上海市静安区康定路,康定路
上海市静安区延安中路,延安中路
上海市静安区延安西路,安西路
上海市静安区延安西路,延安西路
上海市静安区延平路,延平路
上海市静安区愚园路,愚园路
上海市静安区成都北路,成都北路
上海市静安区新闸路,新闸路
上海市静安区昌化路,昌化路
上海市静安区昌平路,昌平路
上海市静安区武宁南路,武宁南路
上海市静安区武定路,武定路
上海市静安区江宁路,江宁路
上海市静安区海防路,海防路
上海市静安区淮安路,淮安路
上海市静安区石门一路,石门一路
上海市静安区胶州路,胶州路
上海市静安区茂名北路,茂名北路
上海市静安区西康路,西康路
上海市静安区金家巷西弄,金家巷西弄
上海市静安区铜仁路,铜仁路
上海市静安区镇宁路,镇宁路
上海市静安区长乐路,长乐路
上海市静安区长宁路,长宁路
上海市静安区长寿路,长寿路
上海市静安区陕西北路,西北路
上海市静安区陕西北路,陕西北路
上海市黄浦区东台路,东台路
上海市黄浦区中华路,中华路
上海市黄浦区中山南一路,中山南一路
上海市黄浦区中山南路,中山南路
上海市黄浦区丽园路,丽园路
上海市黄浦区五里桥路,五里桥路
上海市黄浦区保屯路,保屯路
上海市黄浦区制造局路,制造局路
上海市黄浦区南京西路,南京西路
上海市黄浦区南昌路,南昌路
上海市黄浦区厦门路,厦门路
上海市黄浦区复兴中路,复兴中路
上海市黄浦区局门路,局门路
上海市黄浦区建国东路,建国东路
上海市黄浦区建国中路,建国中路
上海市黄浦区打浦路,打浦路
上海市黄浦区斜土东路,斜土东路
上海市黄浦区斜土路,斜土路
上海市黄浦区新闸路,新闸路
上海市黄浦区昼锦路,昼锦路
上海市黄浦区永嘉路,永嘉路
上海市黄浦区河南南路,河南南路
上海市黄浦区泰康路,泰康路
上海市黄浦区海南西弄,海南西弄
上海市黄浦区淡水路,淡水路
上海市黄浦区淮海中路,淮海中路
上海市黄浦区瑞金二路,瑞金二路
上海市黄浦区瞿溪路,瞿溪路
上海市黄浦区福州路,福州路
上海市黄浦区福建中路,建中路
上海市黄浦区福建中路,福建中路
上海市黄浦区绍兴路,绍兴路
上海市黄浦区茂名南路,茂名南路
上海市黄浦区蒙自路,蒙自路
上海市黄浦区蓬莱路,蓬莱路
上海市黄浦区薛家浜路,薛家浜路
上海市黄浦区西藏南路,西藏南路
上海市黄浦区进贤路,进贤路
上海市黄浦区重庆南路,重庆南路
上海市黄浦区铁道路,铁道路
上海市黄浦区陆家浜路,陆家浜路
上海市黄浦区陕西南路,陕西南路
上海市黄浦区香山路,香山路
上海市黄浦区马当路,马当路
上海市黄浦区鲁班路,鲁班路
上海市黄浦区黄河路,黄河路
上海市黄浦区黄陂北路,黄陂北路
上海市黄浦区龙华东路,龙华东路
下沙新街银信楼,下沙新街
下沙镇下沙新街银信楼,下沙新街
下沙镇春鹤新村,春鹤新村
下沙镇沙北新村,沙北新村
下沙镇沪南路,沪南路
东三里桥路,东三里桥
东城花苑一村,东城花苑
东城花苑二村,东城花苑
东川公路,川公路
东横浜路,横浜路
东江阴街,江阴街
东海农场东海三村,东海三村
东海农场东海二村,东海二村
东海农场亭园新村,亭园新村
东海农场亭园新村海城花苑,亭园新村
东环龙路,环龙路
东西巷街,东西巷
东陶行弄,陶行弄
中大街界河弄,中大街
中山东路西司弄经幢公寓,中山东路
中山东路西司弄经幢公寓,经幢公寓
中山北路赵家宅,中山北路
中山北路赵家宅,赵家宅
中山北路陆家宅后村,中山北路
中山天虹一村,天虹一村
中山天虹三村,天虹三村
中山天虹二村,天虹二村
中山天虹六村,天虹六村
中山天虹四村,天虹四村
中港美容新村,美容新村
中港镇美容新村,美容新村
乌鲁木齐南路甲,乌鲁木齐南路
九亭镇九亭大街,九亭大街
九亭镇九杜路,九杜路
九亭镇朗亭路,朗亭路
九亭镇沪亭北路,亭北路
九亭镇沪亭北路,沪亭北路
九亭镇涞亭南路,涞亭南路
九亭镇涞坊路,涞坊路
九亭镇涞寅路,涞寅路
九亭镇翠亭别墅,翠亭别墅
于塘南路,塘南路
亭林镇中心路,中心路
亭林镇华亭路,华亭路
亭林镇松隐中心路,中心路
亭林镇桃园路,桃园路
人民中路新风弄,人民中路
人民中路西园弄,人民中路
人民北路西侧,人民北路
人民路北门粮店大楼,人民路
仓场东路,场东路
仓桥镇仓城五村,仓城五村
仓桥镇仓城六村,仓城六村
仓桥镇仓城四村,仓城四村
仓桥镇玉树路,玉树路
体育场路后门,体育场路
佘北公路,北公路
佘山镇佘天昆公路,佘天昆公路
佘山镇环山路,环山路
光明镇文化路,文化路
公园路八号内第九栋幢,公园路
公园路湖燕大楼,公园路
公园路湖燕大楼,湖燕大楼
六灶镇吉灿路,吉灿路
军工路周家,军工路
凤溪镇凤育路,凤育路
北张家浜路,张家浜路
北新园路,新园路
北新泾北大街,北大街
北桥北松路,北松路
北桥新建路,新建路
北海宁路,海宁路
区翔峰路,翔峰路
医学院路,学院路
华亭镇华旺路,华旺路
华新镇凤坚塘路,凤坚塘路
华新镇凤徐路,凤徐路
华新镇凤星路,凤星路
华新镇凤育路,凤育路
华新镇凤马塘路,凤马塘路
华新镇华富街,华富街
华新镇华强街,华强街
华新镇华志路,华志路
华新镇华新街,华新街
华新镇嘉松中路,嘉松中路
华新镇新凤中路,新凤中路
华新镇新凤北路,新凤北路
华新镇新府中路,新府中路
华新镇新府路,新府路
华新镇新益路,新益路
华新镇新苗路,新苗路
华新镇龙溪花园,龙溪花园
南北大街,北大街
南大街东,南大街
南大街西,南大街
南桥镇人民中路,人民中路
南桥镇人民中路新风弄,人民中路
南桥镇人民中路西园弄,人民中路
南桥镇人民北路,人民北路
南桥镇人民北路西侧,人民北路
南桥镇人民南路,人民南路
南桥镇体育场路,体育场路
南桥镇体育场路后门,体育场路
南桥镇体育场路后门支弄,体育场路
南桥镇光明路,光明路
南桥镇化工路,化工路
南桥镇南桥路,南桥路
南桥镇川南奉公路,川南奉公路
南桥镇教苑新村,教苑新村
南桥镇新建中路,建中路
南桥镇新建中路后门,建中路
南桥镇新建路,新建路
南桥镇水上新村,水上新村
南桥镇江海小区南星路,南星路
南桥镇环城东路,城东路
南桥镇环城东路,环城东路
南桥镇环城南路,城南路
南桥镇环城西路,城西路
南桥镇立新南路,新南路
南汇区古棕路,古棕路
南汇区泥城镇彩云路,彩云路
南汇区瑞安路,瑞安路
南汇区芦潮港镇古棕路,古棕路
南汇县周浦镇东南新村,周浦镇东南新村
南汇县周浦镇公元新村,公元新村
南汇县周浦镇新马路,新马路
南汇县大团中大第一新村,中大第一新村
南汇县大团镇中大一村,中大一村
南汇县康桥镇康士路,康士路
南汇县惠南镇人民新村,人民新村
南汇县惠南镇北门新村,北门新村
南汇县惠南镇育新新村,育新新村
南汇县惠南镇荡湾新村,荡湾新村
南汇县惠南镇车站路,车站路
南汇县新场镇石笋一村,新场镇
南汇县新场镇石笋一村,石笋一村
南汇县祝桥镇祝苑公寓,祝苑公寓
南汇县航头镇沪南路,沪南路
南湾新村路,南湾新村
南湾新村路,新村路
南码头路,南码头
南翔镇南华新村,南翔镇
南翔镇宝翔路,南翔镇
南翔镇宝翔路,宝翔路
南翔镇惠北新村,南翔镇
南翔镇惠北新村,惠北新村
南翔镇栖林路,南翔镇
南翔镇栖林路,栖林路
南翔镇生产街,南翔镇
南翔镇生产街,生产街
南翔镇胜利街,南翔镇
南翔镇芳林路,南翔镇
南翔镇芳林路,芳林路
南车站路,车站路
卫星中路,星中路
友谊三村甲,友谊三村
叶榭镇叶校路,叶校路
叶榭镇官厅路,官厅路
叶榭镇西市街,西市街
叶榭镇西市街官厅路,官厅路
叶榭镇西市街官厅路,西市街
叶榭镇西市街宫厅路,西市街
合庆乡东川路,东川路
吕巷镇新西街,新西街
吕巷镇溪北路,溪北路
吴家湾路,吴家湾
周浦中园新村,中园新村
周浦镇上南路,上南路
周浦镇东八灶,东八灶
周浦镇东南一村,东南一村
周浦镇东南三村,东南三村
周浦镇东南二村,东南二村
周浦镇东大街,东大街
周浦镇中大街,中大街
周浦镇公元一村,公元一村
周浦镇公元三村,公元三村
周浦镇公元二村,公元二村
周浦镇公元新村,公元新村
周浦镇公园新村,公园新村
周浦镇关岳路,关岳路
周浦镇南八灶街,南八灶街
周浦镇周东一村,周东一村
周浦镇周东二村,周东二村
周浦镇周东南路,周东南路
周浦镇周东新村,周东新村
周浦镇周东路,周东路
周浦镇周南村,周南村
周浦镇周园路,周园路
周浦镇周市路,周市路
周浦镇周康路,周康路
周浦镇周星路,周星路
周浦镇周秀路,周秀路
周浦镇安康新村,安康新村
周浦镇川周公路,川周公路
周浦镇川周路,川周路
周浦镇年家浜东路,年家浜
周浦镇年家浜东路,年家浜东路
周浦镇年家浜西路,年家浜
周浦镇年家浜西路,年家浜西路
周浦镇年家浜路,年家浜
周浦镇年家浜路,年家浜路
周浦镇康弘路,康弘路
周浦镇康沈路,康沈路
周浦镇建设路,建设路
周浦镇新马路,新马路
周浦镇果园一村,果园一村
周浦镇梓潼新村,梓潼新村
周浦镇横桥路,横桥路
周浦镇沪南公路,沪南公路
周浦镇沪南路,沪南路
周浦镇沿南新村,沿南新村
周浦镇瑞和路,瑞和路
周浦镇瑞安路,瑞安路
周浦镇瑞意路,瑞意路
周浦镇瑞浦路,瑞浦路
周浦镇瑞阳路,瑞阳路
周浦镇百花新村,百花新村
周浦镇繁荣东路,繁荣东路
周浦镇繁荣路,繁荣路
周浦镇西南弄,西南弄
周浦镇西大街,西大街
周浦镇赵沟浜,赵沟浜
周浦镇赵沟浜路,赵沟浜
周浦镇赵沟浜路,赵沟浜路
周浦镇车站路,车站路
周浦镇金源商厦,金源商厦
周浦镇韵浦路,韵浦路
唐行镇嘉唐公路,嘉唐公路
唐镇创新中路,创新中路
唐镇镇齐爱路,齐爱路
唐镇龙东大道,龙东大道
商榻镇商周路,商周路
商榻镇宝银路,宝银路
商榻镇金华新村,金华新村
商蔡路金华新村,金华新村
嘉定区中泉路,中泉路
嘉定区华旺路,华旺路
嘉定区启悦路,启悦路
嘉定区唐行镇嘉唐公路,嘉唐公路
嘉定区嘉唐公路,嘉唐公路
嘉定区嘉定镇菊园新村嘉裕坊,菊园新村嘉裕坊
嘉定区嘉定镇菊园新村嘉邦坊,菊园新村嘉邦坊
嘉定区嘉松北路,嘉松北路
嘉定区嘉罗公路,嘉罗公路
嘉定区嘉行公路,嘉行公路
嘉定区外冈镇恒飞路,恒飞路
嘉定区外冈镇百安公路,百安公路
嘉定区外冈镇瞿门路,瞿门路
嘉定区外冈镇祁昌路,祁昌路
嘉定区外钱公路,外钱公路
嘉定区娄塘镇南新路,南新路
嘉定区娄塘镇娄塘路张家浜,娄塘路
嘉定区平城路,平城路
嘉定区徐行镇新建一路,新建一路
嘉定区徐行镇曹王路,徐行镇曹王路
嘉定区徐行镇曹王路,曹王路
嘉定区新建一路,新建一路
嘉定区柳梁路,柳梁路
嘉定区柳湖路,柳湖路
嘉定区树屏路,树屏路
嘉定区棋盘路,棋盘路
嘉定区永靖路,永靖路
嘉定区汇旺东路,汇旺东路
嘉定区清河路,清河路
嘉定区清河路项泾西街,嘉定区清河路
嘉定区清河路项泾西街,清河路
嘉定区清河路项泾西街,项泾西街
嘉定区环城路,环城路
嘉定区百安公路,百安公路
嘉定区盘安路,盘安路
嘉定区瞿门路,瞿门路
嘉定区秋竹路,秋竹路
嘉定区红石路,红石路
嘉定区胜竹路,胜竹路
嘉定区菊园小区棋盘路,棋盘路
嘉定区菊园小区棋盘路,菊园小区棋盘路
嘉定区菊园小区永靖路,永靖路
嘉定区菊园小区环城路,环城路
嘉定区菊园新区永靖路,永靖路
嘉定区菊园新村嘉仁坊,菊园新村嘉仁坊
嘉定区菊园新村嘉寿坊,菊园新村嘉寿坊
嘉定区菊园新村嘉裕坊,菊园新村嘉裕坊
嘉定区菊园新村嘉邦坊,菊园新村嘉邦坊
嘉定区金沙江路,金沙江路
嘉定区陈家山路,陈家山路
嘉定区项泾西街,项泾西街
嘉定菊园小区棋盘路,棋盘路
嘉定菊园小区棋盘路,菊园小区棋盘路
嘉定菊园新区胜竹路,胜竹路
嘉定菊园新村嘉裕坊,菊园新村嘉裕坊
嘉定镇南大街,南大街
嘉定镇城中路,城中路
嘉定镇梅园路,梅园路
嘉定镇清河路项泾西街,嘉定镇清河路
嘉定镇清河路项泾西街,清河路
嘉定镇清河路项泾西街,项泾西街
嘉定镇环城路,环城路
嘉定镇菊园新村嘉仁坊,菊园新村嘉仁坊
嘉定镇菊园新村嘉寿坊,菊园新村嘉寿坊
嘉定镇菊园新村嘉康坊棋盘路,棋盘路
嘉定镇菊园新村嘉康坊棋盘路,菊园新村嘉康坊
嘉定镇菊园新村嘉康坊棋盘路,菊园新村嘉康坊棋盘路
嘉定镇菊园新村嘉裕坊,菊园新村嘉裕坊
嘉定镇菊园新村嘉邑坊,菊园新村嘉邑坊
嘉定镇菊园新村嘉邦坊,菊园新村嘉邦坊
嘉定镇菊园新村棋盘路,棋盘路
嘉定镇西大街,西大街
嘉定镇项泾西街,项泾西街
四团镇青年路,青年路
四川北路,川北路
四平路幸福村,四平路
四平路幸福村,幸福村
四牌楼路,牌楼路
回城南路,城南路
城东新村东,城东新村
城东新村商,城东新村
城中西路,中西路
城桥镇西门路,西门路
堡镇化工路,化工路
堡镇镇化工路,化工路
塔城东路,城东路
塘外镇人民路,人民路
夏阳街道青安路,青安路
外冈镇嘉松北路,嘉松北路
外冈镇恒飞路,恒飞路
外冈镇百安公路,百安公路
外冈镇瞿门路,瞿门路
外冈镇祁昌路,祁昌路
外青松公路,青松公路
外青松路,青松路
大团中大第一新村,中大第一新村
大团镇三宣公路,三宣公路
大团镇中大一村,中大一村
大团镇中大第一新村,中大第一新村
大团镇人民新村,人民新村
大团镇军民新村,军民新村
大团镇南三支路,南三支路
大团镇南三支路南湾新村,南三支路
大团镇南三支路南湾新村,南湾新村
大团镇南湾新村,南湾新村
大团镇南湾新村路,南湾新村
大团镇南湾新村路,新村路
大团镇永宁东路,永宁东路
大团镇永定南路,永定南路
大团镇永旺路,永旺路
大团镇永春东路,春东路
大团镇永春中路,永春中路
大团镇永春北路,永春北路
大团镇永春南路,永春南路
大团镇永春南路南湾新村,南湾新村
大团镇永春南路南湾新村,永春南路
大团镇永春西一路,永春西一路
大团镇永春西二路,永春西二路
大团镇永爱路,永爱路
大港镇新港路,新港路
大西门街,西门街
奉城镇新奉公路,新奉公路
奉城镇车站新村,车站新村
奉城镇车站新村南区,车站新村
奉浦国顺路,国顺路
奉贤县光明镇文化路,文化路
奉贤县南桥镇人民中路,人民中路
奉贤县南桥镇人民北路,人民北路
奉贤县南桥镇人民北路西侧,人民北路
奉贤县南桥镇人民南路,人民南路
奉贤县南桥镇体育场路,体育场路
奉贤县南桥镇新建中路,建中路
奉贤县南桥镇环城东路,城东路
奉贤县南桥镇环城东路,环城东路
奉贤县南桥镇立新南路,新南路
奉贤县邬桥镇康健路,康健路
娄塘镇南新路,南新路
娄塘镇嘉唐公路,嘉唐公路
娄塘镇娄塘路,娄塘路
孙桥镇中路,镇中路
孙桥镇镇中路,镇中路
安亭镇北安德路,北安德路
安亭镇北安德路,安德路
安亭镇安智路,安智路
安亭镇安礼路,安礼路
宛南华侨新村,华侨新村
宣桥镇亦园路,亦园路
宣桥镇南六公路,南六公路
宣桥镇宣中路,宣中路
宣桥镇宣镇东路,宣镇东路
宣桥镇汇成路,汇成路
宣桥镇闵家浜路,闵家浜路
富强街路,富强街
山西北路,西北路
山阳镇华山路,华山路
山阳镇新建路,新建路
崧文南路,文南路
川北公路,北公路
川沙镇乔港路,乔港路
川沙镇南桥路,南桥路
川沙镇城南路,城南路
川沙镇曙光路,曙光路
工业区新飞路,新飞路
工业区松东路,松东路
工业区耀江东村,耀江东村
工业区耀江西村,耀江西村
工业区荣乐东路,荣乐东路
工业区蓝天新村,蓝天新村
工业区蓝天新村月光公寓,蓝天新村
工业区蓝天新村月光公寓,蓝天新村月光公寓
年家浜东路,年家浜
年家浜路,年家浜
广中西路,中西路
广灵二路侯家宅,侯家宅
广灵二路侯家宅,广灵二路
广西北路,西北路
庆丰新村东,庆丰新村
庆丰新村西,庆丰新村
康桥川周公路,川周公路
康桥镇上南路,上南路
康桥镇人和新村,人和新村
康桥镇公元三村,公元三村
康桥镇创业路,创业路
康桥镇南华二村,南华二村
康桥镇周园北路,周园北路
康桥镇周康新村,周康新村
康桥镇川周公路,川周公路
康桥镇康佳路,康佳路
康桥镇康士路,康士路
康桥镇康巴路,康巴路
康桥镇康弘路,康弘路
康桥镇康杉路,康杉路
康桥镇康桥路,康桥路
康桥镇康沈路,康沈路
康桥镇康花新村,康花新村
康桥镇康花路,康花路
康桥镇康达路,康达路
康桥镇御衡路,御衡路
康桥镇御青路,御青路
康桥镇杨高南路,杨高南路
康桥镇果园一村,果园一村
康桥镇梓康路,梓康路
康桥镇沪南公路,沪南公路
康桥镇沪南路,沪南路
康桥镇浦三路,浦三路
康桥镇海通新村,海通新村
康桥镇百龙新村,百龙新村
康桥镇秀康路,秀康路
康桥镇秀沿西路,秀沿西路
康桥镇秀沿路,秀沿路
康桥镇秀浦路,秀浦路
延安西路,安西路
开江东路,江东路
张堰镇新建路,新建路
张堰镇松金公路,松金公路
张堰镇解放街电器厂,解放街
张堰镇解放街粮仓弄,解放街
张江镇孙农路,孙农路
张江镇孙建路,孙建路
张江镇孙桥路,孙桥路
张江镇横沔江路,横沔江路
张江镇香楠路,香楠路
张江镇高木桥路,高木桥路
张江镇龙东大道,龙东大道
徐汇区中山南二路,中山南二路
徐汇区云锦路,云锦路
徐汇区宛平南路,宛平南路
徐汇区龙华路,龙华路
徐泾镇东徐联路,东徐联路
徐泾镇京华路,京华路
徐泾镇光联村,光联村
徐泾镇前云路,前云路
徐泾镇叶联路,叶联路
徐泾镇广虹二村,广虹二村
徐泾镇广虹小区,广虹小区
徐泾镇徐乐路,徐乐路
徐泾镇徐泾中路,徐泾中路
徐泾镇徐盈路,徐盈路
徐泾镇振泾路,振泾路
徐泾镇明珠路,明珠路
徐泾镇沪青平公路,沪青平公路
徐泾镇盈港东路,盈港东路
徐泾镇老沪青平公路,沪青平公路
徐泾镇老沪青平公路,老沪青平公路
徐泾镇联民路,联民路
徐泾镇育才路,育才路
徐泾镇诸光路,诸光路
徐泾镇诸陆西路,诸陆西路
徐泾镇谢卫路,谢卫路
徐泾镇高泾路,高泾路
徐泾镇龙联路,龙联路
徐行镇新建一路,新建一路
徐行镇曹王路,曹王路
惠丰园小区,惠丰园
惠南镇三八新村,三八新村
惠南镇三八路,三八路
惠南镇三角街,三角街
惠南镇东城花苑一村,东城花苑
惠南镇东城花苑一村,东城花苑一村
惠南镇东城花苑二村,东城花苑
惠南镇东城花苑二村,东城花苑二村
惠南镇东门大街,东门大街
惠南镇东门路,东门路
惠南镇中园大楼,中园大楼
惠南镇中山路,中山路
惠南镇人民东路,人民东路
惠南镇人民新村,人民新村
惠南镇人民西路,人民西路
惠南镇人民西路南田公寓,人民西路
惠南镇人民西路南田公寓,南田公寓
惠南镇人民路北门粮店大楼,人民路
惠南镇人民路华盛新村,人民路
惠南镇人民路华盛新村,华盛新村
惠南镇供销三村,供销三村
惠南镇公园新村,公园新村
惠南镇公安路,公安路
惠南镇农场路,农场路
惠南镇北门大街,北门大街
惠南镇北门新村,北门新村
惠南镇十字街大楼,十字街大楼
惠南镇华盛新村,华盛新村
惠南镇南团公路,南团公路
惠南镇南园路,南园路
惠南镇南粮新村,南粮新村
惠南镇南门大街,南门大街
惠南镇南门路,南门路
惠南镇卫星东路,卫星东路
惠南镇卫星中路,卫星中路
惠南镇卫星中路,星中路
惠南镇卫星西路,卫星西路
惠南镇向阳东路,向阳东路
惠南镇向阳路,向阳路
惠南镇听悦路,听悦路
惠南镇听潮一村,听潮一村
惠南镇听潮二村,听潮二村
惠南镇听潮五村,听潮五村
惠南镇听潮六村,听潮六村
惠南镇听潮南路,听潮南路
惠南镇听潮四村,听潮四村
惠南镇听潮路,听潮路
惠南镇城东路,城东路
惠南镇城北路,城北路
惠南镇城南东路,南东路
惠南镇城南路,城南路
惠南镇城基路,城基路
惠南镇城西路,城西路
惠南镇少年路,少年路
惠南镇川南奉公路,川南奉公路
惠南镇工业新村,工业新村
惠南镇工农南路,工农南路
惠南镇工农新村,工农新村
惠南镇广衍路,广衍路
惠南镇康锦路,康锦路
惠南镇彩虹新村,彩虹新村
惠南镇惠东路,惠东路
惠南镇惠丰园小区,惠丰园
惠南镇惠丰园小区,惠丰园小区
惠南镇惠北新村,惠北新村
惠南镇拱北路,拱北路
惠南镇拱极路,拱极路
惠南镇振兴新村,振兴新村
惠南镇摇荡湾弄,摇荡湾弄
惠南镇文化新村,文化新村
惠南镇文化路,文化路
惠南镇文友街,文友街
惠南镇文师街,文师街
惠南镇文益街,文益街
惠南镇新建路,新建路
惠南镇桃花源新村,桃花源新村
惠南镇梅花新村,梅花新村
惠南镇梅花路,梅花路
惠南镇水上新村,水上新村
惠南镇水利新村,水利新村
惠南镇汇华路,汇华路
惠南镇汇通新村,汇通新村
惠南镇沿河泾南路,沿河泾南路
惠南镇海燕二村,海燕二村
惠南镇海燕大厦,海燕大厦
惠南镇海燕路,海燕路
惠南镇海燕路交通新村,海燕路
惠南镇海燕路海燕二村,海燕二村
惠南镇海燕路海燕二村,海燕路
惠南镇申达新村,申达新村
惠南镇盐大路,盐大路
惠南镇福汇新村,福汇新村
惠南镇福汇路,福汇路
惠南镇育新新村,育新新村
惠南镇育新新村一号楼,育新新村
惠南镇育新新村一号楼,育新新村一号
惠南镇育新新村三号楼,育新新村
惠南镇育新新村三号楼,育新新村三号
惠南镇育新新村二号楼,育新新村
惠南镇育新新村二号楼,育新新村二号
惠南镇育新新村四号楼,育新新村
惠南镇育新新村四号楼,育新新村四号
惠南镇育海路,育海路
惠南镇英雄新村,英雄新村
惠南镇英雄村,英雄村
惠南镇英雄路,英雄路
惠南镇荡湾新村,荡湾新村
惠南镇荡湾新村公建,荡湾新村
惠南镇荡湾新村公建,荡湾新村公建
惠南镇西乐路,西乐路
惠南镇西北新村,西北新村
惠南镇西南新村,西南新村
惠南镇西潭新村,西潭新村
惠南镇西门大街,西门大街
惠南镇西门新村,西门新村
惠南镇西门粮店向阳路,向阳路
惠南镇西门路,西门路
惠南镇观海路,观海路
惠南镇跃进路,跃进路
惠南镇跃进路新村,跃进路
惠南镇车站南路,车站南路
惠南镇车站路,车站路
惠南镇迎薰路,迎薰路
惠南镇通济路,通济路
惠南镇靖海南路,海南路
惠南镇靖海南路,靖海南路
惠南镇靖海路,靖海路
惠南镇黄家路,黄家路
新中街路,新中街
新同心路,同心路
新场镇东后老街,新场镇
新场镇军民奉新路,奉新路
新场镇军民奉新路,新场镇
新场镇军民新村,军民新村
新场镇军民新村,新场镇
新场镇包桥下塘街,新场镇
新场镇包桥街,新场镇
新场镇向阳路,向阳路
新场镇向阳路,新场镇
新场镇坦直路,新场镇
新场镇奉新路,奉新路
新场镇奉新路,新场镇
新场镇工农新村,工农新村
新场镇工农新村,新场镇
新场镇工农路,新场镇
新场镇文院街,新场镇
新场镇新北一村,新场镇
新场镇新北新村,新北新村
新场镇新北新村,新场镇
新场镇新场大街,新场镇
新场镇新场村,新场镇
新场镇新奉公路,新场镇
新场镇新奉公路,新奉公路
新场镇新环东路,新场镇
新场镇新环东路,新环东路
新场镇新环北路,新场镇
新场镇新环北路,新环北路
新场镇新环西路,新场镇
新场镇新环西路,新环西路
新场镇新艺路,新场镇
新场镇新艺路,新艺路
新场镇朝阳西路,新场镇
新场镇朝阳西路,朝阳西路
新场镇朝阳路,新场镇
新场镇朝阳路,朝阳路
新场镇汇友路,新场镇
新场镇汇友路,汇友路
新场镇汇腾路,新场镇
新场镇汇腾路,汇腾路
新场镇汇豪路,新场镇
新场镇汇豪路,汇豪路
新场镇沪南公路,新场镇
新场镇沪南公路,沪南公路
新场镇沪南路,新场镇
新场镇沪南路,沪南路
新场镇沪路,新场镇
新场镇洪东街,新场镇
新场镇洪桥下塘街,新场镇
新场镇洪西街,新场镇
新场镇港东街,新场镇
新场镇牌楼东路,新场镇
新场镇牌楼东路,牌楼东路
新场镇牌楼西路,新场镇
新场镇牌楼西路,牌楼西路
新场镇申江南路,新场镇
新场镇申江南路,申江南路
新场镇石笋一村,新场镇
新场镇石笋一村,石笋一村
新场镇石笋二村,新场镇
新场镇石笋二村,石笋二村
新场镇石笋新村,新场镇
新场镇石笋新村,石笋新村
新场镇石笋街,新场镇
新场镇笋心路,新场镇
新场镇笋心路,笋心路
新场镇车站新村,新场镇
新场镇车站新村,车站新村
新场镇车站路,新场镇
新场镇车站路,车站路
新场镇通汇新村,新场镇
新场镇通汇新村,通汇新村
新城区其昌南路,其昌南路
新城区南期昌路,南期昌路
新城区翔峰路,翔峰路
新建中路,建中路
新建路小区,新建路
新松江路,松江路
新桥镇中心路,中心路
新桥镇场东路,场东路
新桥镇场南路,场南路
新桥镇场西路,场西路
新桥镇新中街,新中街
新桥镇新中街路,新中街
新桥镇新中街路,新中街路
新桥镇新乐路,新乐路
新桥镇新北街,新北街
新桥镇新南街,新南街
新桥镇新南路,新南路
新桥镇新站路,新站路
新桥镇新镇街,新镇街
新桥镇明中路,明中路
新桥镇明兴路,明兴路
新桥镇明华路,明华路
新桥镇春九路,春九路
新桥镇春莘路,春莘路
新桥镇月台路,月台路
新桥镇莘松公路,莘松公路
新桥镇莘松路,莘松路
新桥镇车新公路,车新公路
新金桥路,金桥路
施湾乡施宏路,施宏路
星火农场海滨二村,海滨二村
普善路兴华村,普善路
普善路毛家弄,普善路
普善路铁路新村,普善路
普善路铁路新村,铁路新村
普善路铁路新村付,普善路
普善路铁路新村付,普善路铁路新村
普善路铁路新村付,铁路新村
普善路铁路新村甲,普善路
普善路铁路新村甲,普善路铁路新村
普善路铁路新村甲,铁路新村
曹杨路解放村,曹杨路
朝阳农场朝农新村,朝农新村
朱家角镇东市新村,东市新村
朱家角镇东湖新村,东湖新村
朱家角镇乐湖新村,乐湖新村
朱家角镇北大街,北大街
朱家角镇南湖新村,南湖新村
朱家角镇后浜路,后浜路
朱家角镇复兴路,复兴路
朱家角镇张家圩路,张家圩路
朱家角镇新溪路,新溪路
朱家角镇新风新村,新风新村
朱家角镇沈太路,沈太路
朱家角镇沈巷社区后浜路,后浜路
朱家角镇河畔路,河畔路
朱家角镇泖溪路,泖溪路
朱家角镇浦泰路,浦泰路
朱家角镇淀湖新村,淀湖新村
朱家角镇溪苑公寓,溪苑公寓
朱家角镇漕平支路,漕平支路
朱家角镇漕河新村,漕河新村
朱家角镇珠光新村,珠光新村
朱家角镇珠湖路,珠湖路
朱家角镇石家浜东路,石家浜东路
朱家角镇石家浜路,石家浜路
朱家角镇祥凝浜路,祥凝浜路
朱家角镇祥凝浜路乐湖一村,祥凝浜路
朱家角镇胜利新村,胜利新村
朱家角镇西井街,西井街
朱家角镇西井街漕港滩,西井街
朱家角镇西洋淀路,西洋淀路
朱家角镇西湖新村,西湖新村
朱家角镇西湖街,西湖街
朱家角镇阁游路,阁游路
朱泾镇万安街,万安街
朱泾镇亭林镇华亭路,华亭路
朱泾镇人民路,人民路
朱泾镇公园新村,公园新村
朱泾镇公园路,公园路
朱泾镇城中路,城中路
朱泾镇康健路,康健路
朱泾镇文化路,文化路
朱泾镇胜利新村,胜利新村
机场镇东亭路,东亭路
机场镇川南奉公路,川南奉公路
机场镇施宏路,施宏路
机场镇晚霞路,晚霞路
机场镇晨阳路,晨阳路
机场镇江明路,江明路
松江乐都路,乐都路
松江仓城六村,仓城六村
松江冬梅路,冬梅路
松江县松江镇乐都路,乐都路
松江县松江镇九峰新村,九峰新村
松江县松江镇人乐一村,人乐一村
松江县松江镇人乐三村,人乐三村
松江县松江镇人乐四村,人乐四村
松江县松江镇仓城四村,仓城四村
松江县松江镇凤凰新村,凤凰新村
松江县松江镇塔湾新村,塔湾新村
松江县松江镇天乐新村,天乐新村
松江县松江镇民乐三村,民乐三村
松江县松江镇经幢公寓,经幢公寓
松江县松江镇茸南苑桃花村,茸南苑
松江县松江镇茸南苑桃花村,茸南苑桃花村
松江县松江镇蓝天新村,蓝天新村
松江县松江镇谷阳北路,松江镇谷阳北路
松江县松江镇谷阳北路,谷阳北路
松江县松江镇迎宾路一弄,迎宾路
松江县松江镇迎宾路一弄,迎宾路一弄
松江天乐新村,天乐新村
松江工业区松东路,松东路
松江工业区荣乐东路,荣乐东路
松江工业区蓝天新村,蓝天新村
松江新城区其昌南路,其昌南路
松江新城区冬梅路,冬梅路
松江新城区夏莲路,夏莲路
松江新城区祥和路,祥和路
松江白云新村,白云新村
松江镇东陶行弄,东陶行弄
松江镇东陶行弄,陶行弄
松江镇中山东路西司弄经幢公寓,中山东路
松江镇中山东路西司弄经幢公寓,经幢公寓
松江镇中山中路,中山中路
松江镇中山西路,中山西路
松江镇乐都路,乐都路
松江镇九峰新村,九峰新村
松江镇人乐一村,人乐一村
松江镇人乐三村,人乐三村
松江镇人乐二村,人乐二村
松江镇人乐四村,人乐四村
松江镇人民北路,人民北路
松江镇人民南路,人民南路
松江镇仓城五村,仓城五村
松江镇仓城四村,仓城四村
松江镇凤凰新村,凤凰新村
松江镇化工路,化工路
松江镇北门街,北门街
松江镇塔湾新村,塔湾新村
松江镇天乐新村,天乐新村
松江镇斜桥路,斜桥路
松江镇方东一村,方东一村
松江镇方东二村,方东二村
松江镇方塔西村,方塔西村
松江镇普照路,普照路
松江镇景德路,景德路
松江镇松乐路,松乐路
松江镇松汇东路,松汇东路
松江镇松汇中路,松汇中路
松江镇松汇西路,松汇西路
松江镇松汇西路仓城六村,仓城六村
松江镇松汇西路仓城六村,松汇西路
松江镇松汇路,松汇路
松江镇松江镇人乐二村,人乐二村
松江镇松辰路,松辰路
松江镇民乐三村,民乐三村
松江镇民乐四村,民乐四村
松江镇沪松路,沪松路
松江镇环城路,环城路
松江镇白云新村,白云新村
松江镇红宾苑,红宾苑
松江镇茸南苑桃花村,茸南苑
松江镇茸南苑桃花村,茸南苑桃花村
松江镇茸城路,茸城路
松江镇荣乐东路,荣乐东路
松江镇荣乐二村,荣乐二村
松江镇荣乐四村,荣乐四村
松江镇荣乐四村甲,荣乐四村
松江镇荣乐四村甲,荣乐四村甲
松江镇荣乐路,荣乐路
松江镇袜子弄,袜子弄
松江镇西司弄经幢公寓,经幢公寓
松江镇西塔弄,西塔弄
松江镇西新桥,西新桥
松江镇西林北路,西林北路
松江镇西陶行弄,陶行弄
松江镇西陶行弄农资,陶行弄
松江镇西陶行弄农资,陶行弄农资
松江镇迎宾路,迎宾路
松江镇陶行弄,陶行弄
松江镇青松石,青松石
松隐中心路,中心路
松隐镇中心路,中心路
松隐镇育才路,育才路
枫泾镇中大街,中大街
枫泾镇中大街界河弄,中大街
枫泾镇北大街,北大街
枫泾镇南大街,南大街
枫泾镇和平街,和平街
枫泾镇商城路,商城路
枫泾镇新泾路,新泾路
枫泾镇生产街,生产街
柿子湾路,柿子湾
梅岭南路,岭南路
横沔新镇火箭公寓,火箭公寓
横沔镇川周公路,川周公路
横沔镇火箭公寓,火箭公寓
武定西路,定西路
水城南路,城南路
永春东路,春东路
江场西路,场西路
江川北路,川北路
江杨南路,杨南路
江桥镇鹤霞路,鹤霞路
沈家弄路大陆家宅,大陆家宅
沈家弄路大陆家宅,沈家弄路
沈巷社区后浜路,后浜路
沪亭北路,亭北路
法华镇路何家桥,法华镇路
泗泾开江西路,开江西路
泗泾镇古楼公路,古楼公路
泗泾镇开江东路,江东路
泗泾镇开江二路,开江二路
泗泾镇开江西路,开江西路
泗泾镇横塘桥村,横塘桥村
泗泾镇横港路,横港路
泗泾镇江川北路,川北路
泗泾镇江川北路,江川北路
泗陈公路,陈公路
泥城镇农具新村,农具新村
泥城镇南芦公路,南芦公路
泥城镇彩云路,彩云路
泥城镇新城西路,城西路
泥城镇泥城路,泥城路
泥城镇美轮新村,美轮新村
泥城镇香兴路,香兴路
泰日镇新建路,新建路
浦东大道,浦东大
浦东新区江镇新建路,新建路
浦东新区高行镇复兴路,复兴路
海湾镇民乐路,民乐路
涞亭北路,亭北路
漕泾镇花园新村,花园新村
漕溪北路,溪北路
火车站路,车站路
环城东路,城东路
环城南路,城南路
环城塔湾新村,塔湾新村
环城西路,城西路
环镇南路,镇南路
环镇西路,镇西路
申港街道方竹路,方竹路
界泾港新村,界泾港
界泾港新村商,界泾港
界泾港新村商,界泾港新村
白鹤镇启航城,启航城
白鹤镇外青松公路,外青松公路
白鹤镇外青松公路,青松公路
白鹤镇外青松路,外青松路
白鹤镇外青松路,青松路
白鹤镇屯溪路,屯溪路
白鹤镇白石公路,白石公路
白鹤镇白鹤新村,白鹤新村
白鹤镇绿地丽水名邸,绿地丽水名邸
白鹤镇绿地时代名邸,绿地时代名邸
白鹤镇赵江路,赵江路
白鹤镇青赵公路,青赵公路
白鹤镇青赵路,青赵路
白鹤镇鹤如路,鹤如路
白鹤镇鹤祥路,鹤祥路
盈中新村东,盈中新村
盈中西路,中西路
盈浦街道北门街,北门街
盈浦街道盈清路,盈清路
盈浦街道盈贺路,盈贺路
祝桥镇东大街,东大街
祝桥镇共青路,共青路
祝桥镇凉亭南路,凉亭南路
祝桥镇凉亭路,凉亭路
祝桥镇千汇路,千汇路
祝桥镇南塘街,南塘街
祝桥镇天竹新村,天竹新村
祝桥镇川南奉公路,川南奉公路
祝桥镇广益路,广益路
祝桥镇朝农新村,朝农新村
祝桥镇汇商公寓,汇商公寓
祝桥镇浦红东路,浦红东路
祝桥镇祝城路,祝城路
祝桥镇祝潘公路,祝潘公路
祝桥镇祝苑公寓,祝苑公寓
福建中路,建中路
科技园区平原街,平原街
立新南路,新南路
章浜新村东,章浜新村
章浜新村北,章浜新村
紫云西路,云西路
红松东路,松东路
纪念路何家湾,纪念路
纪念路吴家湾,吴家湾
纪念路吴家湾,纪念路
练塘镇东风街,东风街
练塘镇前进街,前进街
练塘镇文化路,文化路
练塘镇朱枫公路,朱枫公路
练塘镇湾塘新村,湾塘新村
练塘镇章练塘路,章练塘路
练塘镇练北新村,练北新村
翔峰路天乐新村,天乐新村
翔峰路天乐新村,翔峰路
老沪太路,沪太路
老沪闵路,沪闵路
老沪青平公路,沪青平公路
老沪青平路,青平路
老港乡中港镇人民路,人民路
老港乡中港镇美容新村,美容新村
老港镇中港美容新村,美容新村
老港镇建中路,建中路
老港镇鑫盛路美容新村,美容新村
老港镇鑫盛路美容新村,鑫盛路
老虹井路,虹井路
老重庆中路,重庆中路
肖塘新建路,新建路
肖塘镇新建路,新建路
胡桥镇文化路,文化路
航华一村一街坊,航华一村
航华一村二街坊,航华一村
航华三村一街坊,航华三村
航华三村三街坊,航华三村
航华三村四街坊,航华三村
航华二村一街坊,航华二村
航华二村三街坊,航华二村
航华二村三街坊,航华二村三街
航华二村二街坊,航华二村
航华四村三街坊,航华四村
航头镇下沙新街,下沙新街
航头镇乐城路,乐城路
航头镇兴城路,兴城路
航头镇商城路,商城路
航头镇富航路,富航路
航头镇梅园村春鹤新村,春鹤新村
航头镇梅园村沙北新村,沙北新村
航头镇沪南公路,沪南公路
航头镇沪南路,沪南路
航头镇环镇东路,环镇东路
航头镇瑞和路,瑞和路
航头镇航东村商城路,商城路
航头镇航兴北路,航兴北路
航头镇航南公路,航南公路
航头镇航头路,航头路
航头镇航梅路,航梅路
航头镇航瑞路,航瑞路
航头镇航鹤路,航鹤路
航头镇鹤立西路,鹤立西路
船舶新村东,船舶新村
船舶新村中,船舶新村
船舶新村西,船舶新村
芦潮港农场东区新村,东区新村
芦潮港农场西区新村,西区新村
芦潮港农场龙超八村,龙超八村
芦潮港镇农场西区新村,西区新村
芦潮港镇古棕路,古棕路
芦潮港镇果园路,果园路
芦潮港镇渔港路,渔港路
芦潮港镇潮乐路,潮乐路
芦潮港镇芦云路,芦云路
芦潮港镇芦潮路,芦潮路
芦潮港镇芦茂路,芦茂路
花木镇梅花路,梅花路
花木镇锦和路,锦和路
茸北镇五昆路,五昆路
茸北镇沪松路,沪松路
茸南苑桃花村,茸南苑
草长浜路,长浜路
莘东路南街,莘东路
莲安西路,安西路
莲花山路,花山路
菊园嘉康坊棋盘路,棋盘路
菊园小区嘉行公路,嘉行公路
菊园小区棋盘路,棋盘路
菊园小区永靖路,永靖路
菊园小区环城路,环城路
菊园小区项泾西街,项泾西街
菊园平城路,平城路
菊园新区平城路,平城路
菊园新区柳湖路,柳湖路
菊园新区棋盘路,棋盘路
菊园新区永靖路,永靖路
菊园新区清河路,清河路
菊园新区环城路,环城路
菊园新区红石路,红石路
菊园新区胜竹路,胜竹路
菊园新区项泾西街,项泾西街
菊园新村棋盘路,棋盘路
虹桥机场新村,机场新村
虹桥路市民村,市民村
虹桥路市民村,虹桥路
虹漕南路杨家桥,杨家桥
虹漕南路杨家桥,虹漕南路
褚翟镇解放路,解放路
西凌家宅路,西凌家宅
西司弄经幢公寓,经幢公寓
西岑镇练西路,练西路
西新桥路,西新桥
西渡镇肖塘新建路,新建路
西藏北路新赵家宅,新赵家宅
西藏北路新赵家宅,西藏北路
西藏北路新赵家宅,赵家宅
西诸安浜路,西诸安浜
西谈家渡路,谈家渡路
西陶行弄,陶行弄
西陶行弄农资,陶行弄
西陶行弄农资,陶行弄农资
解放街电器厂,解放街
赵屯镇大盈路,大盈路
赵屯镇屯北新村,屯北新村
赵屯镇屯溪路,屯溪路
赵屯镇白石路,白石路
赵屯镇赵中路,赵中路
赵巷镇业辉路,业辉路
赵巷镇嘉松中路,嘉松中路
赵巷镇崧文南路,崧文南路
赵巷镇崧文南路,文南路
赵巷镇崧文路,崧文路
赵巷镇崧润路,崧润路
赵巷镇巷居路,巷居路
赵巷镇沪青平公路,沪青平公路
赵巷镇盈港东路,盈港东路
赵巷镇秀泉路,秀泉路
赵巷镇置发路,置发路
赵巷镇赵中路,赵中路
赵巷镇赵华路,赵华路
赵巷镇赵巷路,赵巷路
赵巷镇赵重公路,赵重公路
赵巷镇赵重路,赵重路
赵巷镇郡峰路,郡峰路
赵巷镇镇中路,镇中路
赵巷镇镇乐路,镇乐路
赵巷镇镇泽路,镇泽路
赵沟浜路,赵沟浜
车墩镇影佳路,影佳路
车墩镇联营路,联营路
车墩镇车峰路,车峰路
迎园新村一坊,迎园新村
迎园新村七坊,迎园新村
迎园新村三坊,迎园新村
迎园新村二坊,迎园新村
迎园新村五坊,迎园新村
迎园新村八坊,迎园新村
迎园新村六坊,迎园新村
迎园新村十一坊,迎园新村
迎园新村十三坊,迎园新村
迎园新村十二坊,迎园新村
迎园新村十坊,迎园新村
迎园新村四坊,迎园新村
迎宾路一弄,迎宾路
通波塘东街,塘东街
邬桥镇康健路,康健路
重固镇普光路,普光路
重固镇福中路,福中路
重固镇福定路,福定路
重固镇福泉山路,福泉山路
重固镇赵重公路,赵重公路
重固镇重固镇大街,重固镇大街
重固镇香花中路,香花中路
金园一路,园一路
金山卫镇万寿新村,万寿新村
金山卫镇学府路,学府路
金山卫镇建设路,建设路
金山卫镇金康西路,康西路
金山卫镇钱圩建设路,建设路
金康西路,康西路
金汇镇新建路,新建路
金汇镇泰日新建路,新建路
金汇镇泰西路,泰西路
金泽镇商周路,商周路
金泽镇培育路,培育路
金泽镇宝银路,宝银路
金泽镇沪青平公路,沪青平公路
金泽镇金溪三村,金溪三村
金泽镇金溪三村金东路,金东路
金泽镇金溪三村金东路,金溪三村
金泽镇金溪三村金东路,金溪三村金东路
金泽镇金溪路,金溪路
金泽镇镇中路,镇中路
钱圩建设路,建设路
钱圩镇建设路,建设路
钱桥镇人民路,人民路
钱桥镇文化新村,文化新村
钱桥镇文化路,文化路
银城中路,城中路
长宁路三泾北宅,长宁路
阜康西路,康西路
陆家圈路,家圈路
陈春东路,春东路
陕西北路,西北路
青村镇人民路,人民路
青村镇光明路,光明路
青村镇文化新村,文化新村
青村镇新建路,新建路
青村镇钱桥社区文化新村,文化新村
青浦县徐泾中路,徐泾中路
青浦县徐泾镇广虹二村,广虹二村
青浦县徐泾镇徐泾中路,徐泾中路
青浦县朱家角镇乐湖新村,乐湖新村
青浦县朱家角镇珠光新村,珠光新村
青浦县沪青平公路,沪青平公路
青浦县白鹤镇鹤如路,鹤如路
青浦县白鹤镇鹤祥路,鹤祥路
青浦县老沪青平路,青平路
青浦城东新村商,城东新村
青浦城东新村商,城东新村商
青浦浦镇盈中新村东,盈中新村
青浦浦镇盈中新村东,盈中新村东
青浦镇万寿新村,万寿新村
青浦镇万寿新村东,万寿新村
青浦镇万寿新村东,万寿新村东
青浦镇万寿新村北,万寿新村
青浦镇万寿新村北,万寿新村北
青浦镇三元新村,三元新村
青浦镇三元街,三元街
青浦镇三元路,三元路
青浦镇体育场路,体育场路
青浦镇公园东路,公园东路
青浦镇公园路,公园路
青浦镇北门街,北门街
青浦镇医院路,医院路
青浦镇华浦南路,华浦南路
青浦镇华浦路,华浦路
青浦镇华盈路,华盈路
青浦镇华青南路,华青南路
青浦镇华青路,华青路
青浦镇城东新村东,城东新村
青浦镇城东新村东,城东新村东
青浦镇城东新村商,城东新村
青浦镇城东新村商,城东新村商
青浦镇城中东路,城中东路
青浦镇城中北路,城中北路
青浦镇城中南路,城中南路
青浦镇城中西路,中西路
青浦镇城中西路,城中西路
青浦镇外青松公路,外青松公路
青浦镇外青松公路,青松公路
青浦镇外青松路,外青松路
青浦镇外青松路,青松路
青浦镇大西门街,西门街
青浦镇庆丰新村,庆丰新村
青浦镇庆丰新村东,庆丰新村
青浦镇庆丰新村东,庆丰新村东
青浦镇庆丰新村西,庆丰新村
青浦镇庆丰新村西,庆丰新村西
青浦镇庆华新海路,新海路
青浦镇新园路,新园路
青浦镇新海大楼,新海大楼
青浦镇新海路,新海路
青浦镇桂花园,桂花园
青浦镇沙埭浜路,沙埭浜路
青浦镇沪青平公路,沪青平公路
青浦镇浦汇新村,浦汇新村
青浦镇海盈路,海盈路
青浦镇淀浦河东城东新村商,城东新村
青浦镇淀浦河东城东新村商,城东新村商
青浦镇清河湾路,清河湾路
青浦镇港俞路,港俞路
青浦镇漕程路,漕程路
青浦镇漕穗北路,漕穗北路
青浦镇环城东路,城东路
青浦镇环城东路,环城东路
青浦镇界泾港新村,界泾港
青浦镇界泾港新村,界泾港新村
青浦镇界泾港新村商,界泾港
青浦镇界泾港新村商,界泾港新村
青浦镇界泾港新村商,界泾港新村商
青浦镇盈中新村东,盈中新村
青浦镇盈中新村东,盈中新村东
青浦镇盈中西路,中西路
青浦镇盈中西路,盈中西路
青浦镇盈浩路,盈浩路
青浦镇盈港路,盈港路
青浦镇章浜小区,章浜小区
青浦镇章浜新村,章浜新村
青浦镇章浜新村东,章浜新村
青浦镇章浜新村东,章浜新村东
青浦镇章浜新村北,章浜新村
青浦镇章浜新村北,章浜新村北
青浦镇章浜路城东新村商,城东新村
青浦镇章浜路城东新村商,城东新村商
青浦镇章浜路城东新村商,章浜路
青浦镇胜利路,胜利路
青浦镇车站路,车站路
青浦镇镇西新村,镇西新村
青浦镇青安路,青安路
青浦镇青松路,青松路
青浦镇青浦镇龙威新村,龙威新村
青浦镇青湖路,青湖路
青浦镇青赵路,青赵路
青浦镇龙威新村,龙威新村
靖海南路,海南路
顾村镇菊泉街,菊泉街
颛兴路颛溪五村,颛兴路
颛兴路颛溪五村,颛溪五村
颛桥镇光辉村赵家宅,赵家宅
颛桥镇新建路,新建路
颛桥镇颛兴路颛溪七村,颛兴路
颛桥镇颛兴路颛溪七村,颛溪七村
颛桥镇颛溪七村,颛溪七村
颛桥镇颛溪五村,颛溪五村
颛桥镇颛溪八村,颛溪八村
香花桥街道崧雅路,崧雅路
香花桥镇北青公路,北青公路
香花桥镇南区住宅,香花桥镇南区
香花桥镇普光路,普光路
香花桥镇香花中路,香花中路
马桥富岩路,富岩路
马桥敬南路,敬南路
马桥镇东新街,东新街
马桥镇南中街,南中街
马桥镇富岩路,富岩路
高桥镇夏碧路,夏碧路
高桥镇大同路,大同路
高行镇万安街,万安街
高行镇兰谷路,兰谷路
高行镇华高二村,华高二村
高行镇繁锦路,繁锦路
鲁汇镇闸航路,闸航路
鹤坡路谈家巷,鹤坡路
鹿溪北路,溪北路
黄浦区高家弄,高家弄
黄渡镇玉麦路,玉麦路
黄渡镇玉麦路,黄渡镇
龙华西路周家湾,龙华西路
龙华西路机场新村,机场新村
龙华西路机场新村,龙华西路
龙川北路,川北路
